flight_date,flight_number,from_full,to_full,from_airport,to_airport,aircraft,scheduled_departure,actual_departure,scheduled_arrival,actual_arrival,departure_delay,arrival_delay,scheduled_hour,day_of_week,next_flight_dep,next_flight_delay,turnaround_mins,cascade_score
2025-07-20, ,Mumbai (BOM),Muscat (MCT),BOM,MCT,A20N (A4O-OVG),2025-07-20 07:35:00,2025-07-20 08:00:00,2025-07-20 08:35:00,2025-07-20 08:30:00,25.0,-5.0,7,Sunday,2025-07-21 06:48:00,23.0,1338.0,0.0
2025-07-21, ,Mumbai (BOM),Muscat (MCT),BOM,MCT,A20N (A4O-OVG),2025-07-21 06:25:00,2025-07-21 06:48:00,2025-07-21 07:25:00,2025-07-21 07:14:00,23.0,-11.0,6,Monday,2025-07-23 06:47:00,22.0,2853.0,0.0
2025-07-23, ,Mumbai (BOM),Muscat (MCT),BOM,MCT,A20N (A4O-OVG),2025-07-23 06:25:00,2025-07-23 06:47:00,2025-07-23 07:25:00,2025-07-23 07:13:00,22.0,-12.0,6,Wednesday,2025-07-25 06:33:00,8.0,2840.0,0.0
2025-07-25, ,Mumbai (BOM),Muscat (MCT),BOM,MCT,A20N (A4O-OVG),2025-07-25 06:25:00,2025-07-25 06:33:00,2025-07-25 07:25:00,2025-07-25 07:05:00,8.0,-20.0,6,Friday,,,,0.0
2025-07-19, ,Mumbai (BOM),Muscat (MCT),BOM,MCT,A20N (A4O-OVI),2025-07-19 06:25:00,2025-07-19 06:55:00,2025-07-19 07:25:00,2025-07-19 07:25:00,30.0,0.0,6,Saturday,2025-07-22 06:45:00,20.0,4280.0,0.0
2025-07-22, ,Mumbai (BOM),Muscat (MCT),BOM,MCT,A20N (A4O-OVI),2025-07-22 06:25:00,2025-07-22 06:45:00,2025-07-22 07:25:00,2025-07-22 07:15:00,20.0,-10.0,6,Tuesday,,,,0.0
2025-07-19, ,Mumbai (BOM),Delhi (DEL),BOM,DEL,A20N (VT-ATV),2025-07-19 08:45:00,2025-07-19 08:58:00,2025-07-19 10:55:00,2025-07-19 10:39:00,13.0,-16.0,8,Saturday,2025-07-22 07:58:00,18.0,4159.0,0.0
2025-07-22, ,Mumbai (BOM),Bengaluru (BLR),BOM,BLR,A20N (VT-ATV),2025-07-22 07:40:00,2025-07-22 07:58:00,2025-07-22 09:45:00,2025-07-22 09:28:00,18.0,-17.0,7,Tuesday,2025-07-23 07:11:00,11.0,1303.0,0.0
2025-07-23, ,Mumbai (BOM),Hyderabad (HYD),BOM,HYD,A20N (VT-ATV),2025-07-23 07:00:00,2025-07-23 07:11:00,2025-07-23 08:40:00,2025-07-23 08:19:00,11.0,-21.0,7,Wednesday,,,,0.0
2025-07-21, ,Mumbai (BOM),Bhuj (BHJ),BOM,BHJ,A20N (VT-CIG),2025-07-21 06:50:00,2025-07-21 07:05:00,2025-07-21 08:05:00,2025-07-21 08:07:00,15.0,2.0,6,Monday,,,,0.0
2025-07-21, ,Mumbai (BOM),Chandigarh (IXC),BOM,IXC,A20N (VT-EXK),2025-07-21 06:00:00,2025-07-21 06:11:00,2025-07-21 08:10:00,2025-07-21 08:01:00,11.0,-9.0,6,Monday,,,,0.0
2025-07-19, ,Mumbai (BOM),Chandigarh (IXC),BOM,IXC,A20N (VT-EXL),2025-07-19 06:00:00,2025-07-19 06:15:00,2025-07-19 08:10:00,2025-07-19 08:09:00,15.0,-1.0,6,Saturday,2025-07-20 07:01:00,11.0,1372.0,0.0
2025-07-20, ,Mumbai (BOM),Bhuj (BHJ),BOM,BHJ,A20N (VT-EXL),2025-07-20 06:50:00,2025-07-20 07:01:00,2025-07-20 08:05:00,2025-07-20 08:02:00,11.0,-3.0,6,Sunday,,,,0.0
2025-07-20, ,Mumbai (BOM),Chandigarh (IXC),BOM,IXC,A20N (VT-EXM),2025-07-20 05:30:00,2025-07-20 05:50:00,2025-07-20 07:40:00,2025-07-20 07:39:00,20.0,-1.0,5,Sunday,,,,0.0
2025-07-19, ,Mumbai (BOM),Cochin (COK),BOM,COK,A20N (VT-EXN),2025-07-19 07:25:00,2025-07-19 07:44:00,2025-07-19 09:30:00,2025-07-19 09:16:00,19.0,-14.0,7,Saturday,2025-07-21 07:43:00,18.0,2787.0,0.0
2025-07-21, ,Mumbai (BOM),Cochin (COK),BOM,COK,A20N (VT-EXN),2025-07-21 07:25:00,2025-07-21 07:43:00,2025-07-21 09:30:00,2025-07-21 09:26:00,18.0,-4.0,7,Monday,2025-07-22 07:44:00,19.0,1338.0,0.0
2025-07-22, ,Mumbai (BOM),Cochin (COK),BOM,COK,A20N (VT-EXN),2025-07-22 07:25:00,2025-07-22 07:44:00,2025-07-22 09:30:00,2025-07-22 09:20:00,19.0,-10.0,7,Tuesday,2025-07-24 07:56:00,11.0,2796.0,0.0
2025-07-24, ,Mumbai (BOM),Bangkok (BKK),BOM,BKK,A20N (VT-EXN),2025-07-24 07:45:00,2025-07-24 07:56:00,2025-07-24 13:35:00,2025-07-24 13:36:00,11.0,1.0,7,Thursday,2025-07-25 07:38:00,13.0,1082.0,0.0
2025-07-25, ,Mumbai (BOM),Cochin (COK),BOM,COK,A20N (VT-EXN),2025-07-25 07:25:00,2025-07-25 07:38:00,2025-07-25 09:30:00,2025-07-25 09:16:00,13.0,-14.0,7,Friday,,,,0.0
2025-07-24, ,Mumbai (BOM),Cochin (COK),BOM,COK,A20N (VT-EXP),2025-07-24 07:25:00,2025-07-24 07:44:00,2025-07-24 09:30:00,2025-07-24 09:19:00,19.0,-11.0,7,Thursday,,,,0.0
2025-07-19, ,Mumbai (BOM),Bengaluru (BLR),BOM,BLR,A20N (VT-EXQ),2025-07-19 06:35:00,2025-07-19 06:37:00,2025-07-19 08:30:00,2025-07-19 07:54:00,2.0,-36.0,6,Saturday,,,,0.0
2025-07-19, ,Mumbai (BOM),Delhi (DEL),BOM,DEL,A20N (VT-EXR),2025-07-19 07:45:00,2025-07-19 07:56:00,2025-07-19 09:55:00,2025-07-19 09:42:00,11.0,-13.0,7,Saturday,,,,0.0
2025-07-25, ,Mumbai (BOM),Chennai (MAA),BOM,MAA,A20N (VT-EXT),2025-07-25 06:50:00,2025-07-25 07:04:00,2025-07-25 08:55:00,2025-07-25 08:50:00,14.0,-5.0,6,Friday,,,,0.0
2025-07-22, ,Mumbai (BOM),Chennai (MAA),BOM,MAA,A20N (VT-EXU),2025-07-22 06:50:00,2025-07-22 06:59:00,2025-07-22 08:55:00,2025-07-22 08:37:00,9.0,-18.0,6,Tuesday,2025-07-23 08:07:00,22.0,1410.0,0.0
2025-07-23, ,Mumbai (BOM),Bangkok (BKK),BOM,BKK,A20N (VT-EXU),2025-07-23 07:45:00,2025-07-23 08:07:00,2025-07-23 13:35:00,2025-07-23 14:07:00,22.0,32.0,7,Wednesday,2025-07-25 06:20:00,20.0,2413.0,0.0
2025-07-25, ,Mumbai (BOM),Chandigarh (IXC),BOM,IXC,A20N (VT-EXU),2025-07-25 06:00:00,2025-07-25 06:20:00,2025-07-25 08:10:00,2025-07-25 08:14:00,20.0,4.0,6,Friday,,,,0.0
2025-07-20, ,Mumbai (BOM),Hyderabad (HYD),BOM,HYD,A20N (VT-EXV),2025-07-20 06:00:00,2025-07-20 06:11:00,2025-07-20 07:25:00,2025-07-20 07:23:00,11.0,-2.0,6,Sunday,2025-07-21 07:09:00,19.0,1426.0,0.0
2025-07-21, ,Mumbai (BOM),Chennai (MAA),BOM,MAA,A20N (VT-EXV),2025-07-21 06:50:00,2025-07-21 07:09:00,2025-07-21 08:55:00,2025-07-21 08:52:00,19.0,-3.0,6,Monday,2025-07-23 06:26:00,26.0,2734.0,0.0
2025-07-23, ,Mumbai (BOM),Hyderabad (HYD),BOM,HYD,A20N (VT-EXV),2025-07-23 06:00:00,2025-07-23 06:26:00,2025-07-23 07:25:00,2025-07-23 07:31:00,26.0,6.0,6,Wednesday,,,,0.0
2025-07-20, ,Mumbai (BOM),Ahmedabad (AMD),BOM,AMD,A20N (VT-IIE),2025-07-20 08:55:00,2025-07-20 09:01:00,2025-07-20 10:15:00,2025-07-20 09:54:00,6.0,-21.0,8,Sunday,2025-07-23 06:35:00,15.0,4121.0,0.0
2025-07-23, ,Mumbai (BOM),Ahmedabad (AMD),BOM,AMD,A20N (VT-IIE),2025-07-23 06:20:00,2025-07-23 06:35:00,2025-07-23 07:40:00,2025-07-23 07:23:00,15.0,-17.0,6,Wednesday,,,,0.0
2025-07-21, ,Mumbai (BOM),Siliguri (IXB),BOM,IXB,A20N (VT-IIH),2025-07-21 07:50:00,2025-07-21 08:37:00,2025-07-21 10:55:00,2025-07-21 11:14:00,47.0,19.0,7,Monday,2025-07-22 07:23:00,-2.0,1209.0,0.0
2025-07-22, ,Mumbai (BOM),Bhopal (BHO),BOM,BHO,A20N (VT-IIH),2025-07-22 07:25:00,2025-07-22 07:23:00,2025-07-22 09:00:00,2025-07-22 08:30:00,-2.0,-30.0,7,Tuesday,2025-07-23 07:37:00,2.0,1387.0,0.0
2025-07-23, ,Mumbai (BOM),Coimbatore (CJB),BOM,CJB,A20N (VT-IIH),2025-07-23 07:35:00,2025-07-23 07:37:00,2025-07-23 09:30:00,2025-07-23 09:04:00,2.0,-26.0,7,Wednesday,2025-07-24 07:25:00,0.0,1341.0,0.0
2025-07-24, ,Mumbai (BOM),Goa (GOX),BOM,GOX,A20N (VT-IIH),2025-07-24 07:25:00,2025-07-24 07:25:00,2025-07-24 08:35:00,2025-07-24 08:08:00,0.0,-27.0,7,Thursday,2025-07-25 08:17:00,27.0,1449.0,0.0
2025-07-25, ,Mumbai (BOM),Siliguri (IXB),BOM,IXB,A20N (VT-IIH),2025-07-25 07:50:00,2025-07-25 08:17:00,2025-07-25 10:55:00,2025-07-25 10:56:00,27.0,1.0,7,Friday,,,,0.0
2025-07-22, ,Mumbai (BOM),Ahmedabad (AMD),BOM,AMD,A20N (VT-IIL),2025-07-22 08:55:00,2025-07-22 09:46:00,2025-07-22 10:15:00,2025-07-22 10:36:00,51.0,21.0,8,Tuesday,,,,0.0
2025-07-23, ,Mumbai (BOM),Dubai (DXB),BOM,DXB,A20N (VT-IIO),2025-07-23 08:10:00,2025-07-23 08:32:00,2025-07-23 09:40:00,2025-07-23 09:21:00,22.0,-19.0,8,Wednesday,,,,0.0
2025-07-22, ,Mumbai (BOM),Colombo (CMB),BOM,CMB,A20N (VT-IIQ),2025-07-22 06:10:00,2025-07-22 07:07:00,2025-07-22 08:45:00,2025-07-22 09:10:00,57.0,25.0,6,Tuesday,,,,0.0
2025-07-20, ,Mumbai (BOM),Siliguri (IXB),BOM,IXB,A20N (VT-IIS),2025-07-20 07:50:00,2025-07-20 08:07:00,2025-07-20 10:55:00,2025-07-20 10:42:00,17.0,-13.0,7,Sunday,2025-07-21 07:27:00,2.0,1245.0,0.0
2025-07-21, ,Mumbai (BOM),Bhopal (BHO),BOM,BHO,A20N (VT-IIS),2025-07-21 07:25:00,2025-07-21 07:27:00,2025-07-21 09:00:00,2025-07-21 08:33:00,2.0,-27.0,7,Monday,2025-07-23 09:12:00,22.0,2919.0,0.0
2025-07-23, ,Mumbai (BOM),Mangaluru (IXE),BOM,IXE,A20N (VT-IIS),2025-07-23 08:50:00,2025-07-23 09:12:00,2025-07-23 10:20:00,2025-07-23 10:19:00,22.0,-1.0,8,Wednesday,,,,0.0
2025-07-20, ,Mumbai (BOM),Jakarta (CGK),BOM,CGK,A20N (VT-IIU),2025-07-20 06:35:00,2025-07-20 06:57:00,2025-07-20 14:50:00,2025-07-20 14:29:00,22.0,-21.0,6,Sunday,2025-07-25 06:36:00,16.0,6727.0,0.0
2025-07-25, ,Mumbai (BOM),Ahmedabad (AMD),BOM,AMD,A20N (VT-IIU),2025-07-25 06:20:00,2025-07-25 06:36:00,2025-07-25 07:40:00,2025-07-25 07:23:00,16.0,-17.0,6,Friday,,,,0.0
2025-07-19, ,Mumbai (BOM),Coimbatore (CJB),BOM,CJB,A20N (VT-IIW),2025-07-19 07:35:00,2025-07-19 07:51:00,2025-07-19 09:30:00,2025-07-19 09:19:00,16.0,-11.0,7,Saturday,2025-07-21 10:42:00,112.0,2963.0,0.0
2025-07-21, ,Mumbai (BOM),Mangaluru (IXE),BOM,IXE,A20N (VT-IIW),2025-07-21 08:50:00,2025-07-21 10:42:00,2025-07-21 10:20:00,2025-07-21 11:49:00,112.0,89.0,8,Monday,2025-07-22 07:27:00,2.0,1178.0,0.0
2025-07-22, ,Mumbai (BOM),Goa (GOX),BOM,GOX,A20N (VT-IIW),2025-07-22 07:25:00,2025-07-22 07:27:00,2025-07-22 08:35:00,2025-07-22 08:17:00,2.0,-18.0,7,Tuesday,,,,0.0
2025-07-19, ,Mumbai (BOM),Dubai (DXB),BOM,DXB,A20N (VT-IIX),2025-07-19 08:10:00,2025-07-19 08:36:00,2025-07-19 09:40:00,2025-07-19 09:35:00,26.0,-5.0,8,Saturday,2025-07-20 07:22:00,-3.0,1307.0,0.0
2025-07-20, ,Mumbai (BOM),Goa (GOX),BOM,GOX,A20N (VT-IIX),2025-07-20 07:25:00,2025-07-20 07:22:00,2025-07-20 08:35:00,2025-07-20 08:08:00,-3.0,-27.0,7,Sunday,2025-07-21 07:11:00,36.0,1383.0,0.0
2025-07-21, ,Mumbai (BOM),Jakarta (CGK),BOM,CGK,A20N (VT-IIX),2025-07-21 06:35:00,2025-07-21 07:11:00,2025-07-21 14:50:00,2025-07-21 14:51:00,36.0,1.0,6,Monday,2025-07-23 09:33:00,38.0,2562.0,0.0
2025-07-23, ,Mumbai (BOM),Ahmedabad (AMD),BOM,AMD,A20N (VT-IIX),2025-07-23 08:55:00,2025-07-23 09:33:00,2025-07-23 10:15:00,2025-07-23 10:25:00,38.0,10.0,8,Wednesday,,,,0.0
2025-07-19, ,Mumbai (BOM),Mangaluru (IXE),BOM,IXE,A20N (VT-IJR),2025-07-19 08:50:00,2025-07-19 09:06:00,2025-07-19 10:20:00,2025-07-19 10:11:00,16.0,-9.0,8,Saturday,,,,0.0
2025-07-22, ,Mumbai (BOM),Ahmedabad (AMD),BOM,AMD,A20N (VT-IJX),2025-07-22 06:20:00,2025-07-22 06:33:00,2025-07-22 07:40:00,2025-07-22 07:23:00,13.0,-17.0,6,Tuesday,,,,0.0
2025-07-19, ,Mumbai (BOM),Colombo (CMB),BOM,CMB,A20N (VT-IJY),2025-07-19 06:10:00,2025-07-19 06:28:00,2025-07-19 08:45:00,2025-07-19 08:48:00,18.0,3.0,6,Saturday,,,,0.0
2025-07-25, ,Mumbai (BOM),Colombo (CMB),BOM,CMB,A20N (VT-IJZ),2025-07-25 06:10:00,2025-07-25 06:54:00,2025-07-25 08:45:00,2025-07-25 09:00:00,44.0,15.0,6,Friday,,,,0.0
2025-07-21, ,Mumbai (BOM),Goa (GOX),BOM,GOX,A20N (VT-IPD),2025-07-21 07:25:00,2025-07-21 07:41:00,2025-07-21 08:35:00,2025-07-21 08:31:00,16.0,-4.0,7,Monday,2025-07-25 08:30:00,20.0,5759.0,0.0
2025-07-25, ,Mumbai (BOM),Dubai (DXB),BOM,DXB,A20N (VT-IPD),2025-07-25 08:10:00,2025-07-25 08:30:00,2025-07-25 09:40:00,2025-07-25 09:34:00,20.0,-6.0,8,Friday,,,,0.0
2025-07-24, ,Mumbai (BOM),Dubai (DXB),BOM,DXB,A20N (VT-IPI),2025-07-24 08:10:00,2025-07-24 08:26:00,2025-07-24 09:40:00,2025-07-24 09:21:00,16.0,-19.0,8,Thursday,,,,0.0
2025-07-23, ,Mumbai (BOM),Colombo (CMB),BOM,CMB,A20N (VT-IPU),2025-07-23 06:10:00,2025-07-23 07:31:00,2025-07-23 08:45:00,2025-07-23 09:37:00,81.0,52.0,6,Wednesday,,,,0.0
2025-07-21, ,Mumbai (BOM),Ahmedabad (AMD),BOM,AMD,A20N (VT-IPW),2025-07-21 08:55:00,2025-07-21 10:20:00,2025-07-21 10:15:00,2025-07-21 11:23:00,85.0,68.0,8,Monday,,,,0.0
2025-07-21, ,Mumbai (BOM),Jaipur (JAI),BOM,JAI,A20N (VT-IQA),2025-07-21 08:35:00,2025-07-21 11:01:00,2025-07-21 10:25:00,2025-07-21 12:26:00,146.0,121.0,8,Monday,,,,0.0
2025-07-24, ,Mumbai (BOM),Ahmedabad (AMD),BOM,AMD,A20N (VT-IQC),2025-07-24 08:55:00,2025-07-24 09:08:00,2025-07-24 10:15:00,2025-07-24 10:02:00,13.0,-13.0,8,Thursday,,,,0.0
2025-07-22, ,Mumbai (BOM),Siliguri (IXB),BOM,IXB,A20N (VT-IQF),2025-07-22 07:50:00,2025-07-22 08:03:00,2025-07-22 10:55:00,2025-07-22 10:31:00,13.0,-24.0,7,Tuesday,2025-07-23 07:30:00,5.0,1259.0,0.0
2025-07-23, ,Mumbai (BOM),Goa (GOX),BOM,GOX,A20N (VT-IQF),2025-07-23 07:25:00,2025-07-23 07:30:00,2025-07-23 08:35:00,2025-07-23 08:15:00,5.0,-20.0,7,Wednesday,,,,0.0
2025-07-22, ,Mumbai (BOM),Coimbatore (CJB),BOM,CJB,A20N (VT-IQG),2025-07-22 07:35:00,2025-07-22 07:33:00,2025-07-22 09:30:00,2025-07-22 09:01:00,-2.0,-29.0,7,Tuesday,2025-07-23 07:23:00,-2.0,1342.0,0.0
2025-07-23, ,Mumbai (BOM),Bhopal (BHO),BOM,BHO,A20N (VT-IQG),2025-07-23 07:25:00,2025-07-23 07:23:00,2025-07-23 09:00:00,2025-07-23 08:30:00,-2.0,-30.0,7,Wednesday,2025-07-25 09:21:00,31.0,2931.0,0.0
2025-07-25, ,Mumbai (BOM),Mangaluru (IXE),BOM,IXE,A20N (VT-IQG),2025-07-25 08:50:00,2025-07-25 09:21:00,2025-07-25 10:20:00,2025-07-25 10:31:00,31.0,11.0,8,Friday,,,,0.0
2025-07-22, ,Mumbai (BOM),Jaipur (JAI),BOM,JAI,A20N (VT-IQH),2025-07-22 08:35:00,2025-07-22 08:42:00,2025-07-22 10:25:00,2025-07-22 10:05:00,7.0,-20.0,8,Tuesday,,,,0.0
2025-07-21, ,Mumbai (BOM),Colombo (CMB),BOM,CMB,A20N (VT-IQI),2025-07-21 06:10:00,2025-07-21 07:14:00,2025-07-21 08:45:00,2025-07-21 09:16:00,64.0,31.0,6,Monday,,,,0.0
2025-07-19, ,Mumbai (BOM),Siliguri (IXB),BOM,IXB,A20N (VT-IQK),2025-07-19 07:50:00,2025-07-19 08:03:00,2025-07-19 10:55:00,2025-07-19 10:33:00,13.0,-22.0,7,Saturday,2025-07-20 08:04:00,29.0,1291.0,0.0
2025-07-20, ,Mumbai (BOM),Coimbatore (CJB),BOM,CJB,A20N (VT-IQK),2025-07-20 07:35:00,2025-07-20 08:04:00,2025-07-20 09:30:00,2025-07-20 09:34:00,29.0,4.0,7,Sunday,2025-07-24 08:58:00,8.0,5724.0,0.0
2025-07-24, ,Mumbai (BOM),Mangaluru (IXE),BOM,IXE,A20N (VT-IQK),2025-07-24 08:50:00,2025-07-24 08:58:00,2025-07-24 10:20:00,2025-07-24 10:10:00,8.0,-10.0,8,Thursday,,,,0.0
2025-07-20, ,Mumbai (BOM),Dubai (DXB),BOM,DXB,A20N (VT-IQO),2025-07-20 08:10:00,2025-07-20 08:40:00,2025-07-20 09:40:00,2025-07-20 09:35:00,30.0,-5.0,8,Sunday,2025-07-24 08:03:00,13.0,5668.0,0.0
2025-07-24, ,Mumbai (BOM),Siliguri (IXB),BOM,IXB,A20N (VT-IQO),2025-07-24 07:50:00,2025-07-24 08:03:00,2025-07-24 10:55:00,2025-07-24 10:36:00,13.0,-19.0,7,Thursday,,,,0.0
2025-07-24, ,Mumbai (BOM),Coimbatore (CJB),BOM,CJB,A20N (VT-ISJ),2025-07-24 07:35:00,2025-07-24 07:47:00,2025-07-24 09:30:00,2025-07-24 09:15:00,12.0,-15.0,7,Thursday,2025-07-25 07:30:00,5.0,1335.0,0.0
2025-07-25, ,Mumbai (BOM),Bhopal (BHO),BOM,BHO,A20N (VT-ISJ),2025-07-25 07:25:00,2025-07-25 07:30:00,2025-07-25 09:00:00,2025-07-25 08:40:00,5.0,-20.0,7,Friday,,,,0.0
2025-07-25, ,Mumbai (BOM),Coimbatore (CJB),BOM,CJB,A20N (VT-ISK),2025-07-25 07:35:00,2025-07-25 07:52:00,2025-07-25 09:30:00,2025-07-25 09:24:00,17.0,-6.0,7,Friday,,,,0.0
2025-07-24, ,Mumbai (BOM),Ahmedabad (AMD),BOM,AMD,A20N (VT-ISM),2025-07-24 06:20:00,2025-07-24 06:19:00,2025-07-24 07:40:00,2025-07-24 07:15:00,-1.0,-25.0,6,Thursday,,,,0.0
2025-07-23, ,Mumbai (BOM),Jaipur (JAI),BOM,JAI,A20N (VT-ISP),2025-07-23 08:35:00,2025-07-23 08:52:00,2025-07-23 10:25:00,2025-07-23 10:15:00,17.0,-10.0,8,Wednesday,,,,0.0
2025-07-20, ,Mumbai (BOM),Mangaluru (IXE),BOM,IXE,A20N (VT-ITR),2025-07-20 08:50:00,2025-07-20 09:09:00,2025-07-20 10:20:00,2025-07-20 10:14:00,19.0,-6.0,8,Sunday,,,,0.0
2025-07-19, ,Mumbai (BOM),Goa (GOX),BOM,GOX,A20N (VT-ITV),2025-07-19 07:25:00,2025-07-19 07:35:00,2025-07-19 08:35:00,2025-07-19 08:21:00,10.0,-14.0,7,Saturday,,,,0.0
2025-07-20, ,Mumbai (BOM),Colombo (CMB),BOM,CMB,A20N (VT-ITZ),2025-07-20 06:10:00,2025-07-20 06:52:00,2025-07-20 08:45:00,2025-07-20 08:55:00,42.0,10.0,6,Sunday,2025-07-24 06:34:00,24.0,5619.0,0.0
2025-07-24, ,Mumbai (BOM),Colombo (CMB),BOM,CMB,A20N (VT-ITZ),2025-07-24 06:10:00,2025-07-24 06:34:00,2025-07-24 08:45:00,2025-07-24 08:36:00,24.0,-9.0,6,Thursday,,,,0.0
2025-07-22, ,Mumbai (BOM),Mangaluru (IXE),BOM,IXE,A20N (VT-IVB),2025-07-22 08:50:00,2025-07-22 08:54:00,2025-07-22 10:20:00,2025-07-22 09:58:00,4.0,-22.0,8,Tuesday,,,,0.0
2025-07-21, ,Mumbai (BOM),Coimbatore (CJB),BOM,CJB,A20N (VT-IVE),2025-07-21 07:35:00,2025-07-21 07:48:00,2025-07-21 09:30:00,2025-07-21 09:16:00,13.0,-14.0,7,Monday,,,,0.0
2025-07-19, ,Mumbai (BOM),Bhopal (BHO),BOM,BHO,A20N (VT-IVY),2025-07-19 07:25:00,2025-07-19 07:37:00,2025-07-19 09:00:00,2025-07-19 08:41:00,12.0,-19.0,7,Saturday,2025-07-20 07:31:00,6.0,1370.0,0.0
2025-07-20, ,Mumbai (BOM),Bhopal (BHO),BOM,BHO,A20N (VT-IVY),2025-07-20 07:25:00,2025-07-20 07:31:00,2025-07-20 09:00:00,2025-07-20 08:36:00,6.0,-24.0,7,Sunday,,,,0.0
2025-07-19, ,Mumbai (BOM),Jakarta (CGK),BOM,CGK,A20N (VT-IXF),2025-07-19 06:35:00,2025-07-19 07:20:00,2025-07-19 14:50:00,2025-07-19 15:01:00,45.0,11.0,6,Saturday,,,,0.0
2025-07-23, ,Mumbai (BOM),Jakarta (CGK),BOM,CGK,A20N (VT-IXG),2025-07-23 06:35:00,2025-07-23 07:19:00,2025-07-23 14:50:00,2025-07-23 14:57:00,44.0,7.0,6,Wednesday,,,,0.0
2025-07-25, ,Mumbai (BOM),Jakarta (CGK),BOM,CGK,A20N (VT-IXH),2025-07-25 06:35:00,2025-07-25 07:05:00,2025-07-25 14:50:00,2025-07-25 14:40:00,30.0,-10.0,6,Friday,,,,0.0
2025-07-19, ,Mumbai (BOM),Jaipur (JAI),BOM,JAI,A20N (VT-IXI),2025-07-19 08:35:00,2025-07-19 08:44:00,2025-07-19 10:25:00,2025-07-19 10:05:00,9.0,-20.0,8,Saturday,2025-07-23 08:19:00,29.0,5654.0,0.0
2025-07-23, ,Mumbai (BOM),Siliguri (IXB),BOM,IXB,A20N (VT-IXI),2025-07-23 07:50:00,2025-07-23 08:19:00,2025-07-23 10:55:00,2025-07-23 10:58:00,29.0,3.0,7,Wednesday,,,,0.0
2025-07-22, ,Mumbai (BOM),Jakarta (CGK),BOM,CGK,A20N (VT-IXM),2025-07-22 06:35:00,2025-07-22 07:11:00,2025-07-22 14:50:00,2025-07-22 14:36:00,36.0,-14.0,6,Tuesday,2025-07-24 07:07:00,32.0,2431.0,0.0
2025-07-24, ,Mumbai (BOM),Jakarta (CGK),BOM,CGK,A20N (VT-IXM),2025-07-24 06:35:00,2025-07-24 07:07:00,2025-07-24 14:50:00,2025-07-24 14:51:00,32.0,1.0,6,Thursday,,,,0.0
2025-07-21, ,Mumbai (BOM),Ahmedabad (AMD),BOM,AMD,A20N (VT-IXN),2025-07-21 06:20:00,2025-07-21 06:50:00,2025-07-21 07:40:00,2025-07-21 07:40:00,30.0,0.0,6,Monday,,,,0.0
2025-07-20, ,Mumbai (BOM),Jaipur (JAI),BOM,JAI,A20N (VT-IXO),2025-07-20 08:35:00,2025-07-20 08:45:00,2025-07-20 10:25:00,2025-07-20 10:08:00,10.0,-17.0,8,Sunday,,,,0.0
2025-07-24, ,Mumbai (BOM),Jaipur (JAI),BOM,JAI,A20N (VT-IZC),2025-07-24 08:35:00,2025-07-24 08:47:00,2025-07-24 10:25:00,2025-07-24 10:12:00,12.0,-13.0,8,Thursday,,,,0.0
2025-07-20, ,Mumbai (BOM),Ahmedabad (AMD),BOM,AMD,A20N (VT-IZD),2025-07-20 06:20:00,2025-07-20 06:27:00,2025-07-20 07:40:00,2025-07-20 07:16:00,7.0,-24.0,6,Sunday,,,,0.0
2025-07-21, ,Mumbai (BOM),Dubai (DXB),BOM,DXB,A20N (VT-IZE),2025-07-21 08:10:00,2025-07-21 09:16:00,2025-07-21 09:40:00,2025-07-21 10:12:00,66.0,32.0,8,Monday,2025-07-22 08:28:00,18.0,1336.0,0.0
2025-07-22, ,Mumbai (BOM),Dubai (DXB),BOM,DXB,A20N (VT-IZE),2025-07-22 08:10:00,2025-07-22 08:28:00,2025-07-22 09:40:00,2025-07-22 09:26:00,18.0,-14.0,8,Tuesday,,,,0.0
2025-07-24, ,Mumbai (BOM),Chandigarh (IXC),BOM,IXC,A20N (VT-RTJ),2025-07-24 06:00:00,2025-07-24 06:07:00,2025-07-24 08:10:00,2025-07-24 08:01:00,7.0,-9.0,6,Thursday,,,,0.0
2025-07-19, ,Mumbai (BOM),Bhuj (BHJ),BOM,BHJ,A20N (VT-RTK),2025-07-19 06:50:00,2025-07-19 06:59:00,2025-07-19 08:05:00,2025-07-19 08:00:00,9.0,-5.0,6,Saturday,2025-07-21 06:49:00,14.0,2809.0,0.0
2025-07-21, ,Mumbai (BOM),Bengaluru (BLR),BOM,BLR,A20N (VT-RTK),2025-07-21 06:35:00,2025-07-21 06:49:00,2025-07-21 08:30:00,2025-07-21 08:06:00,14.0,-24.0,6,Monday,,,,0.0
2025-07-23, ,Mumbai (BOM),Chennai (MAA),BOM,MAA,A20N (VT-RTL),2025-07-23 06:50:00,2025-07-23 07:13:00,2025-07-23 08:55:00,2025-07-23 08:59:00,23.0,4.0,6,Wednesday,2025-07-24 06:39:00,4.0,1300.0,0.0
2025-07-24, ,Mumbai (BOM),Bengaluru (BLR),BOM,BLR,A20N (VT-RTL),2025-07-24 06:35:00,2025-07-24 06:39:00,2025-07-24 08:30:00,2025-07-24 07:58:00,4.0,-32.0,6,Thursday,,,,0.0
2025-07-19, ,Mumbai (BOM),Bangkok (BKK),BOM,BKK,A20N (VT-RTN),2025-07-19 07:45:00,2025-07-19 08:06:00,2025-07-19 13:35:00,2025-07-19 13:45:00,21.0,10.0,7,Saturday,2025-07-20 06:33:00,-2.0,1008.0,0.0
2025-07-20, ,Mumbai (BOM),Bengaluru (BLR),BOM,BLR,A20N (VT-RTN),2025-07-20 06:35:00,2025-07-20 06:33:00,2025-07-20 08:30:00,2025-07-20 07:55:00,-2.0,-35.0,6,Sunday,2025-07-22 07:15:00,40.0,2840.0,0.0
2025-07-22, ,Mumbai (BOM),Bengaluru (BLR),BOM,BLR,A20N (VT-RTN),2025-07-22 06:35:00,2025-07-22 07:15:00,2025-07-22 08:30:00,2025-07-22 08:35:00,40.0,5.0,6,Tuesday,2025-07-23 06:45:00,10.0,1330.0,0.0
2025-07-23, ,Mumbai (BOM),Bengaluru (BLR),BOM,BLR,A20N (VT-RTN),2025-07-23 06:35:00,2025-07-23 06:45:00,2025-07-23 08:30:00,2025-07-23 08:08:00,10.0,-22.0,6,Wednesday,,,,0.0
2025-07-22, ,Mumbai (BOM),Bangkok (BKK),BOM,BKK,A20N (VT-RTS),2025-07-22 07:45:00,2025-07-22 08:16:00,2025-07-22 13:35:00,2025-07-22 13:58:00,31.0,23.0,7,Tuesday,2025-07-24 07:05:00,15.0,2467.0,0.0
2025-07-24, ,Mumbai (BOM),Chennai (MAA),BOM,MAA,A20N (VT-RTS),2025-07-24 06:50:00,2025-07-24 07:05:00,2025-07-24 08:55:00,2025-07-24 08:47:00,15.0,-8.0,6,Thursday,2025-07-25 08:21:00,36.0,1414.0,0.0
2025-07-25, ,Mumbai (BOM),Bangkok (BKK),BOM,BKK,A20N (VT-RTS),2025-07-25 07:45:00,2025-07-25 08:21:00,2025-07-25 13:35:00,2025-07-25 13:58:00,36.0,23.0,7,Friday,,,,0.0
2025-07-19, ,Mumbai (BOM),Hyderabad (HYD),BOM,HYD,A20N (VT-RTT),2025-07-19 07:00:00,2025-07-19 07:28:00,2025-07-19 08:40:00,2025-07-19 08:33:00,28.0,-7.0,7,Saturday,2025-07-20 08:12:00,27.0,1419.0,0.0
2025-07-20, ,Mumbai (BOM),Bangkok (BKK),BOM,BKK,A20N (VT-RTT),2025-07-20 07:45:00,2025-07-20 08:12:00,2025-07-20 13:35:00,2025-07-20 13:47:00,27.0,12.0,7,Sunday,,,,0.0
2025-07-19, ,Mumbai (BOM),Chennai (MAA),BOM,MAA,A20N (VT-RTU),2025-07-19 06:50:00,2025-07-19 07:12:00,2025-07-19 08:55:00,2025-07-19 08:52:00,22.0,-3.0,6,Saturday,2025-07-20 06:58:00,8.0,1326.0,0.0
2025-07-20, ,Mumbai (BOM),Chennai (MAA),BOM,MAA,A20N (VT-RTU),2025-07-20 06:50:00,2025-07-20 06:58:00,2025-07-20 08:55:00,2025-07-20 08:39:00,8.0,-16.0,6,Sunday,2025-07-21 08:01:00,16.0,1402.0,0.0
2025-07-21, ,Mumbai (BOM),Bangkok (BKK),BOM,BKK,A20N (VT-RTU),2025-07-21 07:45:00,2025-07-21 08:01:00,2025-07-21 13:35:00,2025-07-21 13:46:00,16.0,11.0,7,Monday,2025-07-22 07:30:00,90.0,1064.0,0.0
2025-07-22, ,Mumbai (BOM),Chandigarh (IXC),BOM,IXC,A20N (VT-RTU),2025-07-22 06:00:00,2025-07-22 07:30:00,2025-07-22 08:10:00,2025-07-22 09:20:00,90.0,70.0,6,Tuesday,,,,0.0
2025-07-25, ,Mumbai (BOM),Bengaluru (BLR),BOM,BLR,A20N (VT-RTX),2025-07-25 06:35:00,2025-07-25 06:39:00,2025-07-25 08:30:00,2025-07-25 07:56:00,4.0,-34.0,6,Friday,,,,0.0
2025-07-24, ,Mumbai (BOM),Delhi (DEL),BOM,DEL,A20N (VT-TNB),2025-07-24 07:45:00,2025-07-24 08:12:00,2025-07-24 09:55:00,2025-07-24 09:58:00,27.0,3.0,7,Thursday,,,,0.0
2025-07-22, ,Mumbai (BOM),Delhi (DEL),BOM,DEL,A20N (VT-TNE),2025-07-22 08:45:00,2025-07-22 09:07:00,2025-07-22 10:55:00,2025-07-22 11:14:00,22.0,19.0,8,Tuesday,2025-07-23 06:53:00,13.0,1179.0,0.0
2025-07-23, ,Mumbai (BOM),Delhi (DEL),BOM,DEL,A20N (VT-TNE),2025-07-23 06:40:00,2025-07-23 06:53:00,2025-07-23 08:45:00,2025-07-23 08:41:00,13.0,-4.0,6,Wednesday,,,,0.0
2025-07-23, ,Mumbai (BOM),Bengaluru (BLR),BOM,BLR,A20N (VT-TNH),2025-07-23 07:40:00,2025-07-23 07:51:00,2025-07-23 09:45:00,2025-07-23 09:15:00,11.0,-30.0,7,Wednesday,,,,0.0
2025-07-19, ,Mumbai (BOM),Delhi (DEL),BOM,DEL,A20N (VT-TNI),2025-07-19 06:40:00,2025-07-19 06:52:00,2025-07-19 08:45:00,2025-07-19 08:36:00,12.0,-9.0,6,Saturday,2025-07-20 07:55:00,10.0,1399.0,0.0
2025-07-20, ,Mumbai (BOM),Delhi (DEL),BOM,DEL,A20N (VT-TNI),2025-07-20 07:45:00,2025-07-20 07:55:00,2025-07-20 09:55:00,2025-07-20 09:40:00,10.0,-15.0,7,Sunday,2025-07-25 08:03:00,18.0,7103.0,0.0
2025-07-25, ,Mumbai (BOM),Delhi (DEL),BOM,DEL,A20N (VT-TNI),2025-07-25 07:45:00,2025-07-25 08:03:00,2025-07-25 09:55:00,2025-07-25 09:49:00,18.0,-6.0,7,Friday,,,,0.0
2025-07-20, ,Mumbai (BOM),Hyderabad (HYD),BOM,HYD,A20N (VT-TNJ),2025-07-20 07:00:00,2025-07-20 07:07:00,2025-07-20 08:40:00,2025-07-20 08:11:00,7.0,-29.0,7,Sunday,2025-07-21 06:53:00,13.0,1362.0,0.0
2025-07-21, ,Mumbai (BOM),Delhi (DEL),BOM,DEL,A20N (VT-TNJ),2025-07-21 06:40:00,2025-07-21 06:53:00,2025-07-21 08:45:00,2025-07-21 08:40:00,13.0,-5.0,6,Monday,2025-07-22 07:00:00,20.0,1340.0,0.0
2025-07-22, ,Mumbai (BOM),Delhi (DEL),BOM,DEL,A20N (VT-TNJ),2025-07-22 06:40:00,2025-07-22 07:00:00,2025-07-22 08:45:00,2025-07-22 08:43:00,20.0,-2.0,6,Tuesday,2025-07-23 07:34:00,9.0,1371.0,0.0
2025-07-23, ,Mumbai (BOM),Cochin (COK),BOM,COK,A20N (VT-TNJ),2025-07-23 07:25:00,2025-07-23 07:34:00,2025-07-23 09:30:00,2025-07-23 09:26:00,9.0,-4.0,7,Wednesday,,,,0.0
2025-07-23, ,Mumbai (BOM),Kolkata (CCU),BOM,CCU,A20N (VT-TNK),2025-07-23 06:45:00,2025-07-23 07:00:00,2025-07-23 09:30:00,2025-07-23 09:30:00,15.0,0.0,6,Wednesday,,,,0.0
2025-07-19, ,Mumbai (BOM),Bengaluru (BLR),BOM,BLR,A20N (VT-TNP),2025-07-19 07:40:00,2025-07-19 07:57:00,2025-07-19 09:45:00,2025-07-19 09:26:00,17.0,-19.0,7,Saturday,2025-07-21 07:02:00,2.0,2736.0,0.0
2025-07-21, ,Mumbai (BOM),Hyderabad (HYD),BOM,HYD,A20N (VT-TNP),2025-07-21 07:00:00,2025-07-21 07:02:00,2025-07-21 08:40:00,2025-07-21 08:06:00,2.0,-34.0,7,Monday,2025-07-24 07:19:00,19.0,4273.0,0.0
2025-07-24, ,Mumbai (BOM),Hyderabad (HYD),BOM,HYD,A20N (VT-TNP),2025-07-24 07:00:00,2025-07-24 07:19:00,2025-07-24 08:40:00,2025-07-24 08:24:00,19.0,-16.0,7,Thursday,2025-07-25 09:33:00,48.0,1509.0,0.0
2025-07-25, ,Mumbai (BOM),Delhi (DEL),BOM,DEL,A20N (VT-TNP),2025-07-25 08:45:00,2025-07-25 09:33:00,2025-07-25 10:55:00,2025-07-25 11:23:00,48.0,28.0,8,Friday,,,,0.0
2025-07-20, ,Mumbai (BOM),Cochin (COK),BOM,COK,A20N (VT-TNQ),2025-07-20 07:25:00,2025-07-20 07:39:00,2025-07-20 09:30:00,2025-07-20 09:12:00,14.0,-18.0,7,Sunday,2025-07-21 06:57:00,12.0,1305.0,0.0
2025-07-21, ,Mumbai (BOM),Kolkata (CCU),BOM,CCU,A20N (VT-TNQ),2025-07-21 06:45:00,2025-07-21 06:57:00,2025-07-21 09:30:00,2025-07-21 09:27:00,12.0,-3.0,6,Monday,,,,0.0
2025-07-21, ,Mumbai (BOM),Dhaka (DAC),BOM,DAC,A20N (VT-TNR),2025-07-21 07:25:00,2025-07-21 08:23:00,2025-07-21 10:45:00,2025-07-21 11:45:00,58.0,60.0,7,Monday,2025-07-23 07:38:00,13.0,2633.0,0.0
2025-07-23, ,Mumbai (BOM),Dhaka (DAC),BOM,DAC,A20N (VT-TNR),2025-07-23 07:25:00,2025-07-23 07:38:00,2025-07-23 10:45:00,2025-07-23 10:57:00,13.0,12.0,7,Wednesday,,,,0.0
2025-07-19, ,Mumbai (BOM),Dhaka (DAC),BOM,DAC,A20N (VT-TNU),2025-07-19 07:25:00,2025-07-19 07:43:00,2025-07-19 10:45:00,2025-07-19 10:54:00,18.0,9.0,7,Saturday,2025-07-21 06:22:00,22.0,2608.0,0.0
2025-07-21, ,Mumbai (BOM),Hyderabad (HYD),BOM,HYD,A20N (VT-TNU),2025-07-21 06:00:00,2025-07-21 06:22:00,2025-07-21 07:25:00,2025-07-21 07:29:00,22.0,4.0,6,Monday,,,,0.0
2025-07-22, ,Mumbai (BOM),Dhaka (DAC),BOM,DAC,A20N (VT-TNV),2025-07-22 07:25:00,2025-07-22 08:06:00,2025-07-22 10:45:00,2025-07-22 11:23:00,41.0,38.0,7,Tuesday,2025-07-25 07:40:00,15.0,4097.0,0.0
2025-07-25, ,Mumbai (BOM),Dhaka (DAC),BOM,DAC,A20N (VT-TNV),2025-07-25 07:25:00,2025-07-25 07:40:00,2025-07-25 10:45:00,2025-07-25 10:50:00,15.0,5.0,7,Friday,,,,0.0
2025-07-25, ,Mumbai (BOM),Bengaluru (BLR),BOM,BLR,A20N (VT-TNW),2025-07-25 07:40:00,2025-07-25 08:14:00,2025-07-25 09:45:00,2025-07-25 09:41:00,34.0,-4.0,7,Friday,,,,0.0
2025-07-23, ,Mumbai (BOM),Delhi (DEL),BOM,DEL,A20N (VT-TNX),2025-07-23 07:45:00,2025-07-23 08:12:00,2025-07-23 09:55:00,2025-07-23 10:07:00,27.0,12.0,7,Wednesday,2025-07-24 08:55:00,10.0,1368.0,0.0
2025-07-24, ,Mumbai (BOM),Delhi (DEL),BOM,DEL,A20N (VT-TNX),2025-07-24 08:45:00,2025-07-24 08:55:00,2025-07-24 10:55:00,2025-07-24 10:35:00,10.0,-20.0,8,Thursday,2025-07-25 07:03:00,3.0,1228.0,0.0
2025-07-25, ,Mumbai (BOM),Hyderabad (HYD),BOM,HYD,A20N (VT-TNX),2025-07-25 07:00:00,2025-07-25 07:03:00,2025-07-25 08:40:00,2025-07-25 08:10:00,3.0,-30.0,7,Friday,,,,0.0
2025-07-22, ,Mumbai (BOM),Hyderabad (HYD),BOM,HYD,A20N (VT-TQA),2025-07-22 07:00:00,2025-07-22 07:13:00,2025-07-22 08:40:00,2025-07-22 08:20:00,13.0,-20.0,7,Tuesday,,,,0.0
2025-07-19, ,Mumbai (BOM),Hyderabad (HYD),BOM,HYD,A20N (VT-TQB),2025-07-19 06:00:00,2025-07-19 06:20:00,2025-07-19 07:25:00,2025-07-19 07:33:00,20.0,8.0,6,Saturday,2025-07-23 06:20:00,20.0,5687.0,0.0
2025-07-23, ,Mumbai (BOM),Chandigarh (IXC),BOM,IXC,A20N (VT-TQB),2025-07-23 06:00:00,2025-07-23 06:20:00,2025-07-23 08:10:00,2025-07-23 08:23:00,20.0,13.0,6,Wednesday,2025-07-24 07:42:00,17.0,1399.0,0.0
2025-07-24, ,Mumbai (BOM),Dhaka (DAC),BOM,DAC,A20N (VT-TQB),2025-07-24 07:25:00,2025-07-24 07:42:00,2025-07-24 10:45:00,2025-07-24 10:48:00,17.0,3.0,7,Thursday,,,,0.0
2025-07-20, ,Mumbai (BOM),Bengaluru (BLR),BOM,BLR,A20N (VT-TQC),2025-07-20 07:40:00,2025-07-20 07:58:00,2025-07-20 09:45:00,2025-07-20 09:15:00,18.0,-30.0,7,Sunday,,,,0.0
2025-07-22, ,Mumbai (BOM),Hyderabad (HYD),BOM,HYD,A20N (VT-TQF),2025-07-22 06:00:00,2025-07-22 06:39:00,2025-07-22 07:25:00,2025-07-22 07:45:00,39.0,20.0,6,Tuesday,,,,0.0
2025-07-24, ,Mumbai (BOM),Hyderabad (HYD),BOM,HYD,A20N (VT-TQH),2025-07-24 06:00:00,2025-07-24 06:18:00,2025-07-24 07:25:00,2025-07-24 07:27:00,18.0,2.0,6,Thursday,,,,0.0
2025-07-20, ,Mumbai (BOM),Dhaka (DAC),BOM,DAC,A20N (VT-TQJ),2025-07-20 07:25:00,2025-07-20 07:53:00,2025-07-20 10:45:00,2025-07-20 11:02:00,28.0,17.0,7,Sunday,,,,0.0
2025-07-23, ,Mumbai (BOM),Delhi (DEL),BOM,DEL,A20N (VT-TQK),2025-07-23 08:45:00,2025-07-23 09:04:00,2025-07-23 10:55:00,2025-07-23 10:58:00,19.0,3.0,8,Wednesday,2025-07-24 06:53:00,13.0,1195.0,0.0
2025-07-24, ,Mumbai (BOM),Delhi (DEL),BOM,DEL,A20N (VT-TQK),2025-07-24 06:40:00,2025-07-24 06:53:00,2025-07-24 08:45:00,2025-07-24 08:44:00,13.0,-1.0,6,Thursday,,,,0.0
2025-07-25, ,Mumbai (BOM),Kolkata (CCU),BOM,CCU,A20N (VT-TQM),2025-07-25 06:45:00,2025-07-25 06:55:00,2025-07-25 09:30:00,2025-07-25 09:22:00,10.0,-8.0,6,Friday,,,,0.0
2025-07-21, ,Mumbai (BOM),Delhi (DEL),BOM,DEL,A20N (VT-TQN),2025-07-21 07:45:00,2025-07-21 08:45:00,2025-07-21 09:55:00,2025-07-21 10:25:00,60.0,30.0,7,Monday,2025-07-25 06:50:00,10.0,5545.0,0.0
2025-07-25, ,Mumbai (BOM),Delhi (DEL),BOM,DEL,A20N (VT-TQN),2025-07-25 06:40:00,2025-07-25 06:50:00,2025-07-25 08:45:00,2025-07-25 08:40:00,10.0,-5.0,6,Friday,,,,0.0
2025-07-21, ,Mumbai (BOM),Delhi (DEL),BOM,DEL,A20N (VT-TQP),2025-07-21 08:45:00,2025-07-21 09:19:00,2025-07-21 10:55:00,2025-07-21 10:58:00,34.0,3.0,8,Monday,2025-07-24 07:02:00,17.0,4084.0,0.0
2025-07-24, ,Mumbai (BOM),Kolkata (CCU),BOM,CCU,A20N (VT-TQP),2025-07-24 06:45:00,2025-07-24 07:02:00,2025-07-24 09:30:00,2025-07-24 09:31:00,17.0,1.0,6,Thursday,,,,0.0
2025-07-20, ,Mumbai (BOM),Kolkata (CCU),BOM,CCU,A20N (VT-TQS),2025-07-20 06:45:00,2025-07-20 06:50:00,2025-07-20 09:30:00,2025-07-20 09:21:00,5.0,-9.0,6,Sunday,,,,0.0
2025-07-24, ,Mumbai (BOM),Bengaluru (BLR),BOM,BLR,A20N (VT-TQT),2025-07-24 07:40:00,2025-07-24 07:43:00,2025-07-24 09:45:00,2025-07-24 09:06:00,3.0,-39.0,7,Thursday,,,,0.0
2025-07-20, ,Mumbai (BOM),Delhi (DEL),BOM,DEL,A20N (VT-TQV),2025-07-20 08:45:00,2025-07-20 08:55:00,2025-07-20 10:55:00,2025-07-20 10:36:00,10.0,-19.0,8,Sunday,2025-07-22 06:53:00,8.0,2657.0,0.0
2025-07-22, ,Mumbai (BOM),Kolkata (CCU),BOM,CCU,A20N (VT-TQV),2025-07-22 06:45:00,2025-07-22 06:53:00,2025-07-22 09:30:00,2025-07-22 09:32:00,8.0,2.0,6,Tuesday,,,,0.0
2025-07-19, ,Mumbai (BOM),Kolkata (CCU),BOM,CCU,A20N (VT-TQW),2025-07-19 06:45:00,2025-07-19 06:56:00,2025-07-19 09:30:00,2025-07-19 09:22:00,11.0,-8.0,6,Saturday,2025-07-25 06:17:00,17.0,8455.0,0.0
2025-07-25, ,Mumbai (BOM),Hyderabad (HYD),BOM,HYD,A20N (VT-TQW),2025-07-25 06:00:00,2025-07-25 06:17:00,2025-07-25 07:25:00,2025-07-25 07:26:00,17.0,1.0,6,Friday,,,,0.0
2025-07-21, ,Mumbai (BOM),Bengaluru (BLR),BOM,BLR,A20N (VT-TQX),2025-07-21 07:40:00,2025-07-21 08:08:00,2025-07-21 09:45:00,2025-07-21 09:28:00,28.0,-17.0,7,Monday,,,,0.0
2025-07-25, ,Mumbai (BOM),Bhuj (BHJ),BOM,BHJ,A20N (VT-TYC),2025-07-25 06:50:00,2025-07-25 06:59:00,2025-07-25 08:05:00,2025-07-25 07:57:00,9.0,-8.0,6,Friday,,,,0.0
2025-07-20, ,Mumbai (BOM),Bahrain (BAH),BOM,BAH,A21N (A9C-NA),2025-07-20 06:30:00,2025-07-20 06:24:00,2025-07-20 07:30:00,2025-07-20 06:53:00,-6.0,-37.0,6,Sunday,,,,0.0
2025-07-19, ,Mumbai (BOM),Bahrain (BAH),BOM,BAH,A21N (A9C-NB),2025-07-19 06:30:00,2025-07-19 06:34:00,2025-07-19 07:30:00,2025-07-19 06:59:00,4.0,-31.0,6,Saturday,,,,0.0
2025-07-24, ,Mumbai (BOM),Bahrain (BAH),BOM,BAH,A21N (A9C-ND),2025-07-24 06:30:00,2025-07-24 06:25:00,2025-07-24 07:30:00,2025-07-24 06:50:00,-5.0,-40.0,6,Thursday,,,,0.0
2025-07-21, ,Mumbai (BOM),Bahrain (BAH),BOM,BAH,A21N (A9C-XD),2025-07-21 06:30:00,2025-07-21 09:29:00,2025-07-21 07:30:00,2025-07-21 09:52:00,179.0,142.0,6,Monday,2025-07-22 06:36:00,6.0,1244.0,0.0
2025-07-22, ,Mumbai (BOM),Bahrain (BAH),BOM,BAH,A21N (A9C-XD),2025-07-22 06:30:00,2025-07-22 06:36:00,2025-07-22 07:30:00,2025-07-22 07:02:00,6.0,-28.0,6,Tuesday,2025-07-25 07:07:00,37.0,4325.0,0.0
2025-07-25, ,Mumbai (BOM),Bahrain (BAH),BOM,BAH,A21N (A9C-XD),2025-07-25 06:30:00,2025-07-25 07:07:00,2025-07-25 07:30:00,2025-07-25 07:39:00,37.0,9.0,6,Friday,,,,0.0
2025-07-20, ,Mumbai (BOM),Bhubaneswar (BBI),BOM,BBI,A21N (VT-IBD),2025-07-20 08:55:00,2025-07-20 09:03:00,2025-07-20 11:20:00,2025-07-20 11:01:00,8.0,-19.0,8,Sunday,2025-07-22 08:12:00,27.0,2711.0,0.0
2025-07-22, ,Mumbai (BOM),Kolkata (CCU),BOM,CCU,A21N (VT-IBD),2025-07-22 07:45:00,2025-07-22 08:12:00,2025-07-22 10:45:00,2025-07-22 10:40:00,27.0,-5.0,7,Tuesday,,,,0.0
2025-07-21, ,Mumbai (BOM),Chennai (MAA),BOM,MAA,A21N (VT-IBF),2025-07-21 08:15:00,2025-07-21 09:08:00,2025-07-21 10:10:00,2025-07-21 10:39:00,53.0,29.0,8,Monday,2025-07-25 08:05:00,20.0,5606.0,0.0
2025-07-25, ,Mumbai (BOM),Kolkata (CCU),BOM,CCU,A21N (VT-IBF),2025-07-25 07:45:00,2025-07-25 08:05:00,2025-07-25 10:45:00,2025-07-25 10:39:00,20.0,-6.0,7,Friday,,,,0.0
2025-07-21, ,Mumbai (BOM),Kolkata (CCU),BOM,CCU,A21N (VT-IBM),2025-07-21 07:45:00,2025-07-21 08:52:00,2025-07-21 10:45:00,2025-07-21 11:17:00,67.0,32.0,7,Monday,,,,0.0
2025-07-19, ,Mumbai (BOM),Indore (IDR),BOM,IDR,A21N (VT-IBO),2025-07-19 06:40:00,2025-07-19 06:51:00,2025-07-19 08:00:00,2025-07-19 07:47:00,11.0,-13.0,6,Saturday,2025-07-20 08:38:00,8.0,1491.0,0.0
2025-07-20, ,Mumbai (BOM),Tirupati (TIR),BOM,TIR,A21N (VT-IBO),2025-07-20 08:30:00,2025-07-20 08:38:00,2025-07-20 10:20:00,2025-07-20 10:04:00,8.0,-16.0,8,Sunday,2025-07-21 06:31:00,16.0,1227.0,0.0
2025-07-21, ,Mumbai (BOM),Udaipur (UDR),BOM,UDR,A21N (VT-IBO),2025-07-21 06:15:00,2025-07-21 06:31:00,2025-07-21 07:40:00,2025-07-21 07:36:00,16.0,-4.0,6,Monday,,,,0.0
2025-07-20, ,Mumbai (BOM),Kolkata (CCU),BOM,CCU,A21N (VT-IBQ),2025-07-20 07:45:00,2025-07-20 08:23:00,2025-07-20 10:45:00,2025-07-20 10:51:00,38.0,6.0,7,Sunday,,,,0.0
2025-07-25, ,Mumbai (BOM),Raipur (RPR),BOM,RPR,A21N (VT-IBU),2025-07-25 06:20:00,2025-07-25 06:29:00,2025-07-25 08:15:00,2025-07-25 08:01:00,9.0,-14.0,6,Friday,,,,0.0
2025-07-22, ,Mumbai (BOM),Chennai (MAA),BOM,MAA,A21N (VT-IBW),2025-07-22 08:15:00,2025-07-22 08:32:00,2025-07-22 10:10:00,2025-07-22 10:06:00,17.0,-4.0,8,Tuesday,2025-07-24 06:24:00,9.0,2658.0,0.0
2025-07-24, ,Mumbai (BOM),Udaipur (UDR),BOM,UDR,A21N (VT-IBW),2025-07-24 06:15:00,2025-07-24 06:24:00,2025-07-24 07:40:00,2025-07-24 07:32:00,9.0,-8.0,6,Thursday,,,,0.0
2025-07-19, ,Mumbai (BOM),Goa (GOX),BOM,GOX,A21N (VT-IBX),2025-07-19 08:15:00,2025-07-19 08:29:00,2025-07-19 09:30:00,2025-07-19 09:10:00,14.0,-20.0,8,Saturday,,,,0.0
2025-07-19, ,Mumbai (BOM),Chennai (MAA),BOM,MAA,A21N (VT-IBY),2025-07-19 08:15:00,2025-07-19 08:41:00,2025-07-19 10:10:00,2025-07-19 10:15:00,26.0,5.0,8,Saturday,2025-07-20 06:21:00,6.0,1206.0,0.0
2025-07-20, ,Mumbai (BOM),Udaipur (UDR),BOM,UDR,A21N (VT-IBY),2025-07-20 06:15:00,2025-07-20 06:21:00,2025-07-20 07:40:00,2025-07-20 07:26:00,6.0,-14.0,6,Sunday,2025-07-21 07:20:00,0.0,1434.0,0.0
2025-07-21, ,Mumbai (BOM),Hyderabad (HYD),BOM,HYD,A21N (VT-IBY),2025-07-21 07:20:00,2025-07-21 07:20:00,2025-07-21 08:50:00,2025-07-21 08:24:00,0.0,-26.0,7,Monday,,,,0.0
2025-07-22, ,Mumbai (BOM),Delhi (DEL),BOM,DEL,A21N (VT-ICF),2025-07-22 06:00:00,2025-07-22 06:08:00,2025-07-22 07:55:00,2025-07-22 07:45:00,8.0,-10.0,6,Tuesday,2025-07-24 07:40:00,10.0,2875.0,0.0
2025-07-24, ,Mumbai (BOM),Bengaluru (BLR),BOM,BLR,A21N (VT-ICF),2025-07-24 07:30:00,2025-07-24 07:40:00,2025-07-24 09:30:00,2025-07-24 09:03:00,10.0,-27.0,7,Thursday,,,,0.0
2025-07-19, ,Mumbai (BOM),Chennai (MAA),BOM,MAA,A21N (VT-ICG),2025-07-19 06:25:00,2025-07-19 06:21:00,2025-07-19 08:30:00,2025-07-19 08:02:00,-4.0,-28.0,6,Saturday,2025-07-20 06:25:00,0.0,1343.0,0.0
2025-07-20, ,Mumbai (BOM),Chennai (MAA),BOM,MAA,A21N (VT-ICG),2025-07-20 06:25:00,2025-07-20 06:25:00,2025-07-20 08:30:00,2025-07-20 07:58:00,0.0,-32.0,6,Sunday,2025-07-21 09:25:00,55.0,1527.0,0.0
2025-07-21, ,Mumbai (BOM),Tirupati (TIR),BOM,TIR,A21N (VT-ICG),2025-07-21 08:30:00,2025-07-21 09:25:00,2025-07-21 10:20:00,2025-07-21 11:04:00,55.0,44.0,8,Monday,2025-07-23 06:33:00,18.0,2609.0,0.0
2025-07-23, ,Mumbai (BOM),Udaipur (UDR),BOM,UDR,A21N (VT-ICG),2025-07-23 06:15:00,2025-07-23 06:33:00,2025-07-23 07:40:00,2025-07-23 07:35:00,18.0,-5.0,6,Wednesday,2025-07-24 07:22:00,-3.0,1427.0,0.0
2025-07-24, ,Mumbai (BOM),Bhopal (BHO),BOM,BHO,A21N (VT-ICG),2025-07-24 07:25:00,2025-07-24 07:22:00,2025-07-24 09:00:00,2025-07-24 08:28:00,-3.0,-32.0,7,Thursday,,,,0.0
2025-07-20, ,Mumbai (BOM),Raipur (RPR),BOM,RPR,A21N (VT-ICK),2025-07-20 06:20:00,2025-07-20 06:14:00,2025-07-20 08:15:00,2025-07-20 07:47:00,-6.0,-28.0,6,Sunday,2025-07-21 09:11:00,56.0,1524.0,0.0
2025-07-21, ,Mumbai (BOM),Goa (GOX),BOM,GOX,A21N (VT-ICK),2025-07-21 08:15:00,2025-07-21 09:11:00,2025-07-21 09:30:00,2025-07-21 10:00:00,56.0,30.0,8,Monday,2025-07-22 08:29:00,14.0,1349.0,0.0
2025-07-22, ,Mumbai (BOM),Goa (GOX),BOM,GOX,A21N (VT-ICK),2025-07-22 08:15:00,2025-07-22 08:29:00,2025-07-22 09:30:00,2025-07-22 09:15:00,14.0,-15.0,8,Tuesday,2025-07-23 08:37:00,22.0,1402.0,0.0
2025-07-23, ,Mumbai (BOM),Goa (GOX),BOM,GOX,A21N (VT-ICK),2025-07-23 08:15:00,2025-07-23 08:37:00,2025-07-23 09:30:00,2025-07-23 09:24:00,22.0,-6.0,8,Wednesday,2025-07-24 08:33:00,18.0,1389.0,0.0
2025-07-24, ,Mumbai (BOM),Goa (GOX),BOM,GOX,A21N (VT-ICK),2025-07-24 08:15:00,2025-07-24 08:33:00,2025-07-24 09:30:00,2025-07-24 09:13:00,18.0,-17.0,8,Thursday,2025-07-25 09:08:00,38.0,1435.0,0.0
2025-07-25, ,Mumbai (BOM),Tirupati (TIR),BOM,TIR,A21N (VT-ICK),2025-07-25 08:30:00,2025-07-25 09:08:00,2025-07-25 10:20:00,2025-07-25 10:43:00,38.0,23.0,8,Friday,,,,0.0
2025-07-20, ,Mumbai (BOM),Goa (GOX),BOM,GOX,A21N (VT-ICL),2025-07-20 08:15:00,2025-07-20 08:35:00,2025-07-20 09:30:00,2025-07-20 09:18:00,20.0,-12.0,8,Sunday,2025-07-21 10:32:00,97.0,1514.0,0.0
2025-07-21, ,Mumbai (BOM),Bhubaneswar (BBI),BOM,BBI,A21N (VT-ICL),2025-07-21 08:55:00,2025-07-21 10:32:00,2025-07-21 11:20:00,2025-07-21 12:35:00,97.0,75.0,8,Monday,2025-07-24 06:58:00,18.0,3983.0,0.0
2025-07-24, ,Mumbai (BOM),Indore (IDR),BOM,IDR,A21N (VT-ICL),2025-07-24 06:40:00,2025-07-24 06:58:00,2025-07-24 08:00:00,2025-07-24 07:52:00,18.0,-8.0,6,Thursday,,,,0.0
2025-07-21, ,Mumbai (BOM),Raipur (RPR),BOM,RPR,A21N (VT-ICO),2025-07-21 06:20:00,2025-07-21 06:46:00,2025-07-21 08:15:00,2025-07-21 08:26:00,26.0,11.0,6,Monday,2025-07-22 06:22:00,7.0,1316.0,0.0
2025-07-22, ,Mumbai (BOM),Udaipur (UDR),BOM,UDR,A21N (VT-ICO),2025-07-22 06:15:00,2025-07-22 06:22:00,2025-07-22 07:40:00,2025-07-22 07:22:00,7.0,-18.0,6,Tuesday,2025-07-23 08:09:00,24.0,1487.0,0.0
2025-07-23, ,Mumbai (BOM),Kolkata (CCU),BOM,CCU,A21N (VT-ICO),2025-07-23 07:45:00,2025-07-23 08:09:00,2025-07-23 10:45:00,2025-07-23 10:33:00,24.0,-12.0,7,Wednesday,2025-07-24 08:29:00,14.0,1316.0,0.0
2025-07-24, ,Mumbai (BOM),Chennai (MAA),BOM,MAA,A21N (VT-ICO),2025-07-24 08:15:00,2025-07-24 08:29:00,2025-07-24 10:10:00,2025-07-24 10:08:00,14.0,-2.0,8,Thursday,,,,0.0
2025-07-19, ,Mumbai (BOM),Varanasi (VNS),BOM,VNS,A21N (VT-ICQ),2025-07-19 07:40:00,2025-07-19 07:52:00,2025-07-19 09:55:00,2025-07-19 09:41:00,12.0,-14.0,7,Saturday,2025-07-25 07:20:00,0.0,8499.0,0.0
2025-07-25, ,Mumbai (BOM),Hyderabad (HYD),BOM,HYD,A21N (VT-ICQ),2025-07-25 07:20:00,2025-07-25 07:20:00,2025-07-25 08:50:00,2025-07-25 08:26:00,0.0,-24.0,7,Friday,,,,0.0
2025-07-20, ,Mumbai (BOM),Varanasi (VNS),BOM,VNS,A21N (VT-ICT),2025-07-20 07:40:00,2025-07-20 07:47:00,2025-07-20 09:55:00,2025-07-20 09:35:00,7.0,-20.0,7,Sunday,,,,0.0
2025-07-25, ,Mumbai (BOM),Chennai (MAA),BOM,MAA,A21N (VT-ICW),2025-07-25 06:25:00,2025-07-25 06:32:00,2025-07-25 08:30:00,2025-07-25 08:07:00,7.0,-23.0,6,Friday,,,,0.0
2025-07-19, ,Mumbai (BOM),Raipur (RPR),BOM,RPR,A21N (VT-ICY),2025-07-19 06:20:00,2025-07-19 06:29:00,2025-07-19 08:15:00,2025-07-19 08:00:00,9.0,-15.0,6,Saturday,2025-07-22 09:20:00,25.0,4400.0,0.0
2025-07-22, ,Mumbai (BOM),Bhubaneswar (BBI),BOM,BBI,A21N (VT-ICY),2025-07-22 08:55:00,2025-07-22 09:20:00,2025-07-22 11:20:00,2025-07-22 11:19:00,25.0,-1.0,8,Tuesday,,,,0.0
2025-07-19, ,Mumbai (BOM),Nagpur (NAG),BOM,NAG,A21N (VT-ICZ),2025-07-19 06:10:00,2025-07-19 06:19:00,2025-07-19 07:45:00,2025-07-19 07:24:00,9.0,-21.0,6,Saturday,2025-07-20 06:09:00,-1.0,1365.0,0.0
2025-07-20, ,Mumbai (BOM),Nagpur (NAG),BOM,NAG,A21N (VT-ICZ),2025-07-20 06:10:00,2025-07-20 06:09:00,2025-07-20 07:45:00,2025-07-20 07:15:00,-1.0,-30.0,6,Sunday,2025-07-21 06:30:00,20.0,1395.0,0.0
2025-07-21, ,Mumbai (BOM),Nagpur (NAG),BOM,NAG,A21N (VT-ICZ),2025-07-21 06:10:00,2025-07-21 06:30:00,2025-07-21 07:45:00,2025-07-21 07:40:00,20.0,-5.0,6,Monday,2025-07-22 08:38:00,8.0,1498.0,0.0
2025-07-22, ,Mumbai (BOM),Tirupati (TIR),BOM,TIR,A21N (VT-ICZ),2025-07-22 08:30:00,2025-07-22 08:38:00,2025-07-22 10:20:00,2025-07-22 10:06:00,8.0,-14.0,8,Tuesday,2025-07-23 07:01:00,1.0,1255.0,0.0
2025-07-23, ,Mumbai (BOM),Indore (IDR),BOM,IDR,A21N (VT-ICZ),2025-07-23 07:00:00,2025-07-23 07:01:00,2025-07-23 08:00:00,2025-07-23 07:56:00,1.0,-4.0,7,Wednesday,,,,0.0
2025-07-22, ,Mumbai (BOM),Nagpur (NAG),BOM,NAG,A21N (VT-ILC),2025-07-22 06:10:00,2025-07-22 06:17:00,2025-07-22 07:45:00,2025-07-22 07:22:00,7.0,-23.0,6,Tuesday,2025-07-23 06:25:00,15.0,1383.0,0.0
2025-07-23, ,Mumbai (BOM),Nagpur (NAG),BOM,NAG,A21N (VT-ILC),2025-07-23 06:10:00,2025-07-23 06:25:00,2025-07-23 07:45:00,2025-07-23 07:29:00,15.0,-16.0,6,Wednesday,2025-07-24 06:13:00,3.0,1364.0,0.0
2025-07-24, ,Mumbai (BOM),Nagpur (NAG),BOM,NAG,A21N (VT-ILC),2025-07-24 06:10:00,2025-07-24 06:13:00,2025-07-24 07:45:00,2025-07-24 07:17:00,3.0,-28.0,6,Thursday,,,,0.0
2025-07-23, ,Mumbai (BOM),Hyderabad (HYD),BOM,HYD,A21N (VT-ILD),2025-07-23 07:20:00,2025-07-23 07:20:00,2025-07-23 08:50:00,2025-07-23 08:33:00,0.0,-17.0,7,Wednesday,,,,0.0
2025-07-22, ,Mumbai (BOM),Chennai (MAA),BOM,MAA,A21N (VT-ILG),2025-07-22 06:25:00,2025-07-22 06:32:00,2025-07-22 08:30:00,2025-07-22 08:03:00,7.0,-27.0,6,Tuesday,2025-07-23 09:00:00,20.0,1497.0,0.0
2025-07-23, ,Mumbai (BOM),Singapore (SIN),BOM,SIN,A21N (VT-ILG),2025-07-23 08:40:00,2025-07-23 09:00:00,2025-07-23 17:20:00,2025-07-23 16:54:00,20.0,-26.0,8,Wednesday,2025-07-24 09:05:00,25.0,971.0,0.0
2025-07-24, ,Mumbai (BOM),Singapore (SIN),BOM,SIN,A21N (VT-ILG),2025-07-24 08:40:00,2025-07-24 09:05:00,2025-07-24 17:20:00,2025-07-24 16:59:00,25.0,-21.0,8,Thursday,,,,0.0
2025-07-20, ,Mumbai (BOM),Hyderabad (HYD),BOM,HYD,A21N (VT-ILH),2025-07-20 07:20:00,2025-07-20 07:28:00,2025-07-20 08:50:00,2025-07-20 08:34:00,8.0,-16.0,7,Sunday,2025-07-23 08:35:00,20.0,4321.0,0.0
2025-07-23, ,Mumbai (BOM),Chennai (MAA),BOM,MAA,A21N (VT-ILH),2025-07-23 08:15:00,2025-07-23 08:35:00,2025-07-23 10:10:00,2025-07-23 10:09:00,20.0,-1.0,8,Wednesday,,,,0.0
2025-07-19, ,Mumbai (BOM),Tirupati (TIR),BOM,TIR,A21N (VT-ILI),2025-07-19 08:30:00,2025-07-19 08:38:00,2025-07-19 10:20:00,2025-07-19 10:05:00,8.0,-15.0,8,Saturday,,,,0.0
2025-07-22, ,Mumbai (BOM),Singapore (SIN),BOM,SIN,A21N (VT-ILN),2025-07-22 08:40:00,2025-07-22 08:52:00,2025-07-22 17:20:00,2025-07-22 16:32:00,12.0,-48.0,8,Tuesday,,,,0.0
2025-07-24, ,Mumbai (BOM),Chennai (MAA),BOM,MAA,A21N (VT-ILO),2025-07-24 06:25:00,2025-07-24 06:37:00,2025-07-24 08:30:00,2025-07-24 08:09:00,12.0,-21.0,6,Thursday,2025-07-25 08:39:00,24.0,1470.0,0.0
2025-07-25, ,Mumbai (BOM),Goa (GOX),BOM,GOX,A21N (VT-ILO),2025-07-25 08:15:00,2025-07-25 08:39:00,2025-07-25 09:30:00,2025-07-25 09:20:00,24.0,-10.0,8,Friday,,,,0.0
2025-07-19, ,Mumbai (BOM),Udaipur (UDR),BOM,UDR,A21N (VT-ILQ),2025-07-19 06:15:00,2025-07-19 06:24:00,2025-07-19 07:40:00,2025-07-19 07:27:00,9.0,-13.0,6,Saturday,,,,0.0
2025-07-19, ,Mumbai (BOM),Singapore (SIN),BOM,SIN,A21N (VT-ILT),2025-07-19 08:40:00,2025-07-19 08:56:00,2025-07-19 17:20:00,2025-07-19 16:44:00,16.0,-36.0,8,Saturday,,,,0.0
2025-07-25, ,Mumbai (BOM),Varanasi (VNS),BOM,VNS,A21N (VT-ILV),2025-07-25 07:40:00,2025-07-25 08:00:00,2025-07-25 09:55:00,2025-07-25 09:52:00,20.0,-3.0,7,Friday,,,,0.0
2025-07-20, ,Mumbai (BOM),Singapore (SIN),BOM,SIN,A21N (VT-ILX),2025-07-20 08:40:00,2025-07-20 08:58:00,2025-07-20 17:20:00,2025-07-20 17:00:00,18.0,-20.0,8,Sunday,2025-07-21 10:22:00,102.0,1042.0,0.0
2025-07-21, ,Mumbai (BOM),Singapore (SIN),BOM,SIN,A21N (VT-ILX),2025-07-21 08:40:00,2025-07-21 10:22:00,2025-07-21 17:20:00,2025-07-21 18:17:00,102.0,57.0,8,Monday,,,,0.0
2025-07-23, ,Mumbai (BOM),Varanasi (VNS),BOM,VNS,A21N (VT-ILZ),2025-07-23 07:40:00,2025-07-23 07:44:00,2025-07-23 09:55:00,2025-07-23 09:35:00,4.0,-20.0,7,Wednesday,2025-07-24 07:51:00,11.0,1336.0,0.0
2025-07-24, ,Mumbai (BOM),Varanasi (VNS),BOM,VNS,A21N (VT-ILZ),2025-07-24 07:40:00,2025-07-24 07:51:00,2025-07-24 09:55:00,2025-07-24 09:36:00,11.0,-19.0,7,Thursday,,,,0.0
2025-07-24, ,Mumbai (BOM),Hyderabad (HYD),BOM,HYD,A21N (VT-IMB),2025-07-24 07:20:00,2025-07-24 07:31:00,2025-07-24 08:50:00,2025-07-24 08:40:00,11.0,-10.0,7,Thursday,2025-07-25 09:43:00,48.0,1503.0,0.0
2025-07-25, ,Mumbai (BOM),Bhubaneswar (BBI),BOM,BBI,A21N (VT-IMB),2025-07-25 08:55:00,2025-07-25 09:43:00,2025-07-25 11:20:00,2025-07-25 11:40:00,48.0,20.0,8,Friday,,,,0.0
2025-07-24, ,Mumbai (BOM),Kolkata (CCU),BOM,CCU,A21N (VT-IMC),2025-07-24 07:45:00,2025-07-24 08:15:00,2025-07-24 10:45:00,2025-07-24 10:36:00,30.0,-9.0,7,Thursday,,,,0.0
2025-07-25, ,Mumbai (BOM),Indore (IDR),BOM,IDR,A21N (VT-IME),2025-07-25 06:40:00,2025-07-25 06:45:00,2025-07-25 08:00:00,2025-07-25 07:40:00,5.0,-20.0,6,Friday,,,,0.0
2025-07-19, ,Mumbai (BOM),Kolkata (CCU),BOM,CCU,A21N (VT-IMH),2025-07-19 07:45:00,2025-07-19 08:09:00,2025-07-19 10:45:00,2025-07-19 10:35:00,24.0,-10.0,7,Saturday,2025-07-25 09:18:00,38.0,8563.0,0.0
2025-07-25, ,Mumbai (BOM),Singapore (SIN),BOM,SIN,A21N (VT-IMH),2025-07-25 08:40:00,2025-07-25 09:18:00,2025-07-25 17:20:00,2025-07-25 17:15:00,38.0,-5.0,8,Friday,,,,0.0
2025-07-19, ,Mumbai (BOM),Rajkot (HSR),BOM,HSR,A21N (VT-IMI),2025-07-19 07:05:00,2025-07-19 07:08:00,2025-07-19 08:15:00,2025-07-19 07:52:00,3.0,-23.0,7,Saturday,2025-07-20 06:34:00,-6.0,1362.0,0.0
2025-07-20, ,Mumbai (BOM),Indore (IDR),BOM,IDR,A21N (VT-IMI),2025-07-20 06:40:00,2025-07-20 06:34:00,2025-07-20 08:00:00,2025-07-20 07:28:00,-6.0,-32.0,6,Sunday,,,,0.0
2025-07-19, ,Mumbai (BOM),Hyderabad (HYD),BOM,HYD,A21N (VT-IML),2025-07-19 07:20:00,2025-07-19 07:29:00,2025-07-19 08:50:00,2025-07-19 08:38:00,9.0,-12.0,7,Saturday,2025-07-23 06:44:00,19.0,5646.0,0.0
2025-07-23, ,Mumbai (BOM),Chennai (MAA),BOM,MAA,A21N (VT-IML),2025-07-23 06:25:00,2025-07-23 06:44:00,2025-07-23 08:30:00,2025-07-23 08:22:00,19.0,-8.0,6,Wednesday,2025-07-24 08:41:00,11.0,1459.0,0.0
2025-07-24, ,Mumbai (BOM),Tirupati (TIR),BOM,TIR,A21N (VT-IML),2025-07-24 08:30:00,2025-07-24 08:41:00,2025-07-24 10:20:00,2025-07-24 10:10:00,11.0,-10.0,8,Thursday,,,,0.0
2025-07-21, ,Mumbai (BOM),Varanasi (VNS),BOM,VNS,A21N (VT-IMM),2025-07-21 07:40:00,2025-07-21 07:54:00,2025-07-21 09:55:00,2025-07-21 09:44:00,14.0,-11.0,7,Monday,2025-07-22 07:06:00,1.0,1282.0,0.0
2025-07-22, ,Mumbai (BOM),Rajkot (HSR),BOM,HSR,A21N (VT-IMM),2025-07-22 07:05:00,2025-07-22 07:06:00,2025-07-22 08:15:00,2025-07-22 07:51:00,1.0,-24.0,7,Tuesday,2025-07-23 07:17:00,2.0,1406.0,0.0
2025-07-23, ,Mumbai (BOM),Rajkot (HSR),BOM,HSR,A21N (VT-IMM),2025-07-23 07:15:00,2025-07-23 07:17:00,2025-07-23 08:15:00,2025-07-23 08:03:00,2.0,-12.0,7,Wednesday,2025-07-24 07:33:00,28.0,1410.0,0.0
2025-07-24, ,Mumbai (BOM),Rajkot (HSR),BOM,HSR,A21N (VT-IMM),2025-07-24 07:05:00,2025-07-24 07:33:00,2025-07-24 08:15:00,2025-07-24 08:21:00,28.0,6.0,7,Thursday,2025-07-25 07:16:00,11.0,1375.0,0.0
2025-07-25, ,Mumbai (BOM),Rajkot (HSR),BOM,HSR,A21N (VT-IMM),2025-07-25 07:05:00,2025-07-25 07:16:00,2025-07-25 08:15:00,2025-07-25 08:03:00,11.0,-12.0,7,Friday,,,,0.0
2025-07-23, ,Mumbai (BOM),Tirupati (TIR),BOM,TIR,A21N (VT-IMZ),2025-07-23 08:30:00,2025-07-23 08:44:00,2025-07-23 10:20:00,2025-07-23 10:17:00,14.0,-3.0,8,Wednesday,2025-07-25 06:31:00,16.0,2654.0,0.0
2025-07-25, ,Mumbai (BOM),Udaipur (UDR),BOM,UDR,A21N (VT-IMZ),2025-07-25 06:15:00,2025-07-25 06:31:00,2025-07-25 07:40:00,2025-07-25 07:34:00,16.0,-6.0,6,Friday,,,,0.0
2025-07-19, ,Mumbai (BOM),Bhubaneswar (BBI),BOM,BBI,A21N (VT-IRV),2025-07-19 08:55:00,2025-07-19 09:04:00,2025-07-19 11:20:00,2025-07-19 11:01:00,9.0,-19.0,8,Saturday,2025-07-20 06:59:00,-6.0,1198.0,0.0
2025-07-20, ,Mumbai (BOM),Rajkot (HSR),BOM,HSR,A21N (VT-IRV),2025-07-20 07:05:00,2025-07-20 06:59:00,2025-07-20 08:15:00,2025-07-20 07:46:00,-6.0,-29.0,7,Sunday,2025-07-21 07:08:00,3.0,1402.0,0.0
2025-07-21, ,Mumbai (BOM),Rajkot (HSR),BOM,HSR,A21N (VT-IRV),2025-07-21 07:05:00,2025-07-21 07:08:00,2025-07-21 08:15:00,2025-07-21 07:56:00,3.0,-19.0,7,Monday,2025-07-22 08:09:00,29.0,1453.0,0.0
2025-07-22, ,Mumbai (BOM),Varanasi (VNS),BOM,VNS,A21N (VT-IRV),2025-07-22 07:40:00,2025-07-22 08:09:00,2025-07-22 09:55:00,2025-07-22 10:00:00,29.0,5.0,7,Tuesday,,,,0.0
2025-07-22, ,Mumbai (BOM),Indore (IDR),BOM,IDR,A21N (VT-IRW),2025-07-22 06:40:00,2025-07-22 06:52:00,2025-07-22 08:00:00,2025-07-22 07:48:00,12.0,-12.0,6,Tuesday,,,,0.0
2025-07-22, ,Mumbai (BOM),Hyderabad (HYD),BOM,HYD,A21N (VT-IRY),2025-07-22 07:20:00,2025-07-22 07:20:00,2025-07-22 08:50:00,2025-07-22 08:26:00,0.0,-24.0,7,Tuesday,2025-07-23 06:40:00,20.0,1334.0,0.0
2025-07-23, ,Mumbai (BOM),Raipur (RPR),BOM,RPR,A21N (VT-IRY),2025-07-23 06:20:00,2025-07-23 06:40:00,2025-07-23 08:15:00,2025-07-23 08:11:00,20.0,-4.0,6,Wednesday,2025-07-24 09:13:00,18.0,1502.0,0.0
2025-07-24, ,Mumbai (BOM),Bhubaneswar (BBI),BOM,BBI,A21N (VT-IRY),2025-07-24 08:55:00,2025-07-24 09:13:00,2025-07-24 11:20:00,2025-07-24 11:15:00,18.0,-5.0,8,Thursday,,,,0.0
2025-07-20, ,Mumbai (BOM),Chennai (MAA),BOM,MAA,A21N (VT-IRZ),2025-07-20 08:15:00,2025-07-20 08:32:00,2025-07-20 10:10:00,2025-07-20 10:04:00,17.0,-6.0,8,Sunday,2025-07-21 06:54:00,14.0,1250.0,0.0
2025-07-21, ,Mumbai (BOM),Indore (IDR),BOM,IDR,A21N (VT-IRZ),2025-07-21 06:40:00,2025-07-21 06:54:00,2025-07-21 08:00:00,2025-07-21 07:48:00,14.0,-12.0,6,Monday,2025-07-22 06:27:00,7.0,1359.0,0.0
2025-07-22, ,Mumbai (BOM),Raipur (RPR),BOM,RPR,A21N (VT-IRZ),2025-07-22 06:20:00,2025-07-22 06:27:00,2025-07-22 08:15:00,2025-07-22 07:55:00,7.0,-20.0,6,Tuesday,2025-07-23 09:09:00,14.0,1514.0,0.0
2025-07-23, ,Mumbai (BOM),Bhubaneswar (BBI),BOM,BBI,A21N (VT-IRZ),2025-07-23 08:55:00,2025-07-23 09:09:00,2025-07-23 11:20:00,2025-07-23 11:07:00,14.0,-13.0,8,Wednesday,,,,0.0
2025-07-21, ,Mumbai (BOM),Chennai (MAA),BOM,MAA,A21N (VT-IUO),2025-07-21 06:25:00,2025-07-21 06:43:00,2025-07-21 08:30:00,2025-07-21 08:17:00,18.0,-13.0,6,Monday,2025-07-24 06:33:00,13.0,4216.0,0.0
2025-07-24, ,Mumbai (BOM),Raipur (RPR),BOM,RPR,A21N (VT-IUO),2025-07-24 06:20:00,2025-07-24 06:33:00,2025-07-24 08:15:00,2025-07-24 08:06:00,13.0,-9.0,6,Thursday,,,,0.0
2025-07-21, ,Mumbai (BOM),Bengaluru (BLR),BOM,BLR,A21N (VT-IWQ),2025-07-21 08:45:00,2025-07-21 09:28:00,2025-07-21 10:45:00,2025-07-21 10:41:00,43.0,-4.0,8,Monday,2025-07-22 08:47:00,2.0,1326.0,0.0
2025-07-22, ,Mumbai (BOM),Bengaluru (BLR),BOM,BLR,A21N (VT-IWQ),2025-07-22 08:45:00,2025-07-22 08:47:00,2025-07-22 10:45:00,2025-07-22 10:10:00,2.0,-35.0,8,Tuesday,2025-07-23 08:58:00,13.0,1368.0,0.0
2025-07-23, ,Mumbai (BOM),Bengaluru (BLR),BOM,BLR,A21N (VT-IWQ),2025-07-23 08:45:00,2025-07-23 08:58:00,2025-07-23 10:45:00,2025-07-23 10:17:00,13.0,-28.0,8,Wednesday,2025-07-24 06:15:00,15.0,1198.0,0.0
2025-07-24, ,Mumbai (BOM),Delhi (DEL),BOM,DEL,A21N (VT-IWQ),2025-07-24 06:00:00,2025-07-24 06:15:00,2025-07-24 07:55:00,2025-07-24 08:02:00,15.0,7.0,6,Thursday,2025-07-25 07:02:00,2.0,1380.0,0.0
2025-07-25, ,Mumbai (BOM),Delhi (DEL),BOM,DEL,A21N (VT-IWQ),2025-07-25 07:00:00,2025-07-25 07:02:00,2025-07-25 09:10:00,2025-07-25 08:45:00,2.0,-25.0,7,Friday,,,,0.0
2025-07-25, ,Mumbai (BOM),Chennai (MAA),BOM,MAA,A21N (VT-IWR),2025-07-25 08:15:00,2025-07-25 08:47:00,2025-07-25 10:10:00,2025-07-25 10:31:00,32.0,21.0,8,Friday,,,,0.0
2025-07-24, ,Mumbai (BOM),Bengaluru (BLR),BOM,BLR,A21N (VT-IWS),2025-07-24 06:05:00,2025-07-24 06:12:00,2025-07-24 07:55:00,2025-07-24 07:38:00,7.0,-17.0,6,Thursday,,,,0.0
2025-07-19, ,Mumbai (BOM),Delhi (DEL),BOM,DEL,A21N (VT-IWT),2025-07-19 07:00:00,2025-07-19 07:13:00,2025-07-19 09:10:00,2025-07-19 09:02:00,13.0,-8.0,7,Saturday,2025-07-23 06:14:00,9.0,5592.0,0.0
2025-07-23, ,Mumbai (BOM),Bengaluru (BLR),BOM,BLR,A21N (VT-IWT),2025-07-23 06:05:00,2025-07-23 06:14:00,2025-07-23 07:55:00,2025-07-23 07:39:00,9.0,-16.0,6,Wednesday,,,,0.0
2025-07-22, ,Mumbai (BOM),Bengaluru (BLR),BOM,BLR,A21N (VT-IWU),2025-07-22 06:05:00,2025-07-22 06:16:00,2025-07-22 07:55:00,2025-07-22 07:37:00,11.0,-18.0,6,Tuesday,2025-07-25 06:05:00,0.0,4228.0,0.0
2025-07-25, ,Mumbai (BOM),Bengaluru (BLR),BOM,BLR,A21N (VT-IWU),2025-07-25 06:05:00,2025-07-25 06:05:00,2025-07-25 07:55:00,2025-07-25 07:22:00,0.0,-33.0,6,Friday,,,,0.0
2025-07-20, ,Mumbai (BOM),Bengaluru (BLR),BOM,BLR,A21N (VT-IWV),2025-07-20 08:45:00,2025-07-20 08:49:00,2025-07-20 10:45:00,2025-07-20 10:10:00,4.0,-35.0,8,Sunday,,,,0.0
2025-07-20, ,Mumbai (BOM),Delhi (DEL),BOM,DEL,A21N (VT-NCA),2025-07-20 06:00:00,2025-07-20 06:02:00,2025-07-20 07:55:00,2025-07-20 07:42:00,2.0,-13.0,6,Sunday,2025-07-23 06:22:00,22.0,4240.0,0.0
2025-07-23, ,Mumbai (BOM),Delhi (DEL),BOM,DEL,A21N (VT-NCA),2025-07-23 06:00:00,2025-07-23 06:22:00,2025-07-23 07:55:00,2025-07-23 08:14:00,22.0,19.0,6,Wednesday,,,,0.0
2025-07-19, ,Mumbai (BOM),Bengaluru (BLR),BOM,BLR,A21N (VT-NCB),2025-07-19 06:05:00,2025-07-19 06:10:00,2025-07-19 07:55:00,2025-07-19 07:21:00,5.0,-34.0,6,Saturday,2025-07-25 06:08:00,8.0,8567.0,0.0
2025-07-25, ,Mumbai (BOM),Delhi (DEL),BOM,DEL,A21N (VT-NCB),2025-07-25 06:00:00,2025-07-25 06:08:00,2025-07-25 07:55:00,2025-07-25 07:49:00,8.0,-6.0,6,Friday,,,,0.0
2025-07-20, ,Mumbai (BOM),Delhi (DEL),BOM,DEL,A21N (VT-NCC),2025-07-20 08:05:00,2025-07-20 08:26:00,2025-07-20 10:15:00,2025-07-20 10:06:00,21.0,-9.0,8,Sunday,,,,0.0
2025-07-19, ,Mumbai (BOM),Bengaluru (BLR),BOM,BLR,A21N (VT-NCD),2025-07-19 08:45:00,2025-07-19 08:53:00,2025-07-19 10:45:00,2025-07-19 10:13:00,8.0,-32.0,8,Saturday,,,,0.0
2025-07-19, ,Mumbai (BOM),Delhi (DEL),BOM,DEL,A21N (VT-NCG),2025-07-19 06:00:00,2025-07-19 06:07:00,2025-07-19 07:55:00,2025-07-19 07:53:00,7.0,-2.0,6,Saturday,2025-07-24 08:24:00,19.0,7231.0,0.0
2025-07-24, ,Mumbai (BOM),Delhi (DEL),BOM,DEL,A21N (VT-NCG),2025-07-24 08:05:00,2025-07-24 08:24:00,2025-07-24 10:15:00,2025-07-24 10:01:00,19.0,-14.0,8,Thursday,,,,0.0
2025-07-20, ,Mumbai (BOM),Bengaluru (BLR),BOM,BLR,A21N (VT-NCH),2025-07-20 06:05:00,2025-07-20 06:06:00,2025-07-20 07:55:00,2025-07-20 07:25:00,1.0,-30.0,6,Sunday,,,,0.0
2025-07-19, ,Mumbai (BOM),Bengaluru (BLR),BOM,BLR,A21N (VT-NCJ),2025-07-19 07:30:00,2025-07-19 07:50:00,2025-07-19 09:30:00,2025-07-19 09:12:00,20.0,-18.0,7,Saturday,2025-07-21 08:59:00,54.0,2867.0,0.0
2025-07-21, ,Mumbai (BOM),Delhi (DEL),BOM,DEL,A21N (VT-NCJ),2025-07-21 08:05:00,2025-07-21 08:59:00,2025-07-21 10:15:00,2025-07-21 10:42:00,54.0,27.0,8,Monday,2025-07-22 08:23:00,18.0,1301.0,0.0
2025-07-22, ,Mumbai (BOM),Delhi (DEL),BOM,DEL,A21N (VT-NCJ),2025-07-22 08:05:00,2025-07-22 08:23:00,2025-07-22 10:15:00,2025-07-22 10:13:00,18.0,-2.0,8,Tuesday,,,,0.0
2025-07-20, ,Mumbai (BOM),Bengaluru (BLR),BOM,BLR,A21N (VT-NCK),2025-07-20 07:30:00,2025-07-20 07:34:00,2025-07-20 09:30:00,2025-07-20 08:52:00,4.0,-38.0,7,Sunday,2025-07-21 07:46:00,16.0,1374.0,0.0
2025-07-21, ,Mumbai (BOM),Bengaluru (BLR),BOM,BLR,A21N (VT-NCK),2025-07-21 07:30:00,2025-07-21 07:46:00,2025-07-21 09:30:00,2025-07-21 09:04:00,16.0,-26.0,7,Monday,2025-07-22 07:40:00,10.0,1356.0,0.0
2025-07-22, ,Mumbai (BOM),Bengaluru (BLR),BOM,BLR,A21N (VT-NCK),2025-07-22 07:30:00,2025-07-22 07:40:00,2025-07-22 09:30:00,2025-07-22 08:59:00,10.0,-31.0,7,Tuesday,2025-07-23 07:35:00,5.0,1356.0,0.0
2025-07-23, ,Mumbai (BOM),Bengaluru (BLR),BOM,BLR,A21N (VT-NCK),2025-07-23 07:30:00,2025-07-23 07:35:00,2025-07-23 09:30:00,2025-07-23 09:00:00,5.0,-30.0,7,Wednesday,,,,0.0
2025-07-23, ,Mumbai (BOM),Delhi (DEL),BOM,DEL,A21N (VT-NCL),2025-07-23 08:05:00,2025-07-23 08:25:00,2025-07-23 10:15:00,2025-07-23 10:14:00,20.0,-1.0,8,Wednesday,2025-07-24 08:52:00,7.0,1358.0,0.0
2025-07-24, ,Mumbai (BOM),Bengaluru (BLR),BOM,BLR,A21N (VT-NCL),2025-07-24 08:45:00,2025-07-24 08:52:00,2025-07-24 10:45:00,2025-07-24 10:08:00,7.0,-37.0,8,Thursday,2025-07-25 09:05:00,20.0,1377.0,0.0
2025-07-25, ,Mumbai (BOM),Bengaluru (BLR),BOM,BLR,A21N (VT-NCL),2025-07-25 08:45:00,2025-07-25 09:05:00,2025-07-25 10:45:00,2025-07-25 10:24:00,20.0,-21.0,8,Friday,,,,0.0
2025-07-21, ,Mumbai (BOM),Delhi (DEL),BOM,DEL,A21N (VT-NCM),2025-07-21 07:00:00,2025-07-21 07:19:00,2025-07-21 09:10:00,2025-07-21 09:00:00,19.0,-10.0,7,Monday,2025-07-25 07:48:00,18.0,5688.0,0.0
2025-07-25, ,Mumbai (BOM),Bengaluru (BLR),BOM,BLR,A21N (VT-NCM),2025-07-25 07:30:00,2025-07-25 07:48:00,2025-07-25 09:30:00,2025-07-25 09:14:00,18.0,-16.0,7,Friday,,,,0.0
2025-07-19, ,Mumbai (BOM),Delhi (DEL),BOM,DEL,A21N (VT-NCN),2025-07-19 08:05:00,2025-07-19 08:19:00,2025-07-19 10:15:00,2025-07-19 10:01:00,14.0,-14.0,8,Saturday,2025-07-20 07:11:00,11.0,1270.0,0.0
2025-07-20, ,Mumbai (BOM),Delhi (DEL),BOM,DEL,A21N (VT-NCN),2025-07-20 07:00:00,2025-07-20 07:11:00,2025-07-20 09:10:00,2025-07-20 08:58:00,11.0,-12.0,7,Sunday,2025-07-22 07:08:00,8.0,2770.0,0.0
2025-07-22, ,Mumbai (BOM),Delhi (DEL),BOM,DEL,A21N (VT-NCN),2025-07-22 07:00:00,2025-07-22 07:08:00,2025-07-22 09:10:00,2025-07-22 08:48:00,8.0,-22.0,7,Tuesday,,,,0.0
2025-07-24, ,Mumbai (BOM),Delhi (DEL),BOM,DEL,A21N (VT-NCO),2025-07-24 07:00:00,2025-07-24 07:03:00,2025-07-24 09:10:00,2025-07-24 08:52:00,3.0,-18.0,7,Thursday,,,,0.0
2025-07-21, ,Mumbai (BOM),Bengaluru (BLR),BOM,BLR,A21N (VT-NCQ),2025-07-21 06:05:00,2025-07-21 06:03:00,2025-07-21 07:55:00,2025-07-21 07:22:00,-2.0,-33.0,6,Monday,,,,0.0
2025-07-21, ,Mumbai (BOM),Delhi (DEL),BOM,DEL,A21N (VT-NCR),2025-07-21 06:00:00,2025-07-21 06:10:00,2025-07-21 07:55:00,2025-07-21 07:45:00,10.0,-10.0,6,Monday,2025-07-23 07:16:00,11.0,2851.0,0.0
2025-07-23, ,Mumbai (BOM),Delhi (DEL),BOM,DEL,A21N (VT-NCR),2025-07-23 07:05:00,2025-07-23 07:16:00,2025-07-23 09:10:00,2025-07-23 09:04:00,11.0,-6.0,7,Wednesday,2025-07-25 08:34:00,29.0,2850.0,0.0
2025-07-25, ,Mumbai (BOM),Delhi (DEL),BOM,DEL,A21N (VT-NCR),2025-07-25 08:05:00,2025-07-25 08:34:00,2025-07-25 10:15:00,2025-07-25 10:20:00,29.0,5.0,8,Friday,,,,0.0
2025-07-24, ,Mumbai (BOM),Bhuj (BHJ),BOM,BHJ,A21N (VT-TVH),2025-07-24 06:50:00,2025-07-24 06:57:00,2025-07-24 08:05:00,2025-07-24 07:55:00,7.0,-10.0,6,Thursday,,,,0.0
2025-07-25, ,Mumbai (BOM),Ahmedabad (AMD),BOM,AMD,A320 (VT-IFN),2025-07-25 08:55:00,2025-07-25 10:14:00,2025-07-25 10:15:00,2025-07-25 11:06:00,79.0,51.0,8,Friday,,,,0.0
2025-07-19, ,Mumbai (BOM),Ahmedabad (AMD),BOM,AMD,A320 (VT-IFV),2025-07-19 06:20:00,2025-07-19 06:31:00,2025-07-19 07:40:00,2025-07-19 07:20:00,11.0,-20.0,6,Saturday,,,,0.0
2025-07-19, ,Mumbai (BOM),Ahmedabad (AMD),BOM,AMD,A320 (VT-IKP),2025-07-19 08:55:00,2025-07-19 09:10:00,2025-07-19 10:15:00,2025-07-19 10:03:00,15.0,-12.0,8,Saturday,,,,0.0
2025-07-23, ,Mumbai (BOM),Bahrain (BAH),BOM,BAH,A321 (A9C-CC),2025-07-23 06:30:00,2025-07-23 06:49:00,2025-07-23 07:30:00,2025-07-23 07:12:00,19.0,-18.0,6,Wednesday,,,,0.0
2025-07-23, ,Mumbai (BOM),Bhuj (BHJ),BOM,BHJ,A321 (VT-PPM),2025-07-23 06:50:00,2025-07-23 07:03:00,2025-07-23 08:05:00,2025-07-23 08:01:00,13.0,-4.0,6,Wednesday,,,,0.0
2025-07-22, ,Mumbai (BOM),Bhuj (BHJ),BOM,BHJ,A321 (VT-PPO),2025-07-22 06:50:00,2025-07-22 07:01:00,2025-07-22 08:05:00,2025-07-22 08:04:00,11.0,-1.0,6,Tuesday,,,,0.0
2025-07-23, ,Mumbai (BOM),Istanbul (IST),BOM,IST,A333 (TC-JNS),2025-07-23 06:40:00,2025-07-23 07:05:00,2025-07-23 10:55:00,2025-07-23 10:37:00,25.0,-18.0,6,Wednesday,,,,0.0
2025-07-25, ,Mumbai (BOM),Istanbul (IST),BOM,IST,A333 (TC-JOF),2025-07-25 06:40:00,2025-07-25 07:10:00,2025-07-25 10:55:00,2025-07-25 10:56:00,30.0,1.0,6,Friday,,,,0.0
2025-07-20, ,Mumbai (BOM),Istanbul (IST),BOM,IST,A333 (TC-JOJ),2025-07-20 06:40:00,2025-07-20 07:17:00,2025-07-20 10:55:00,2025-07-20 11:01:00,37.0,6.0,6,Sunday,,,,0.0
2025-07-19, ,Mumbai (BOM),Istanbul (IST),BOM,IST,A333 (TC-JOK),2025-07-19 06:40:00,2025-07-19 07:01:00,2025-07-19 10:55:00,2025-07-19 10:42:00,21.0,-13.0,6,Saturday,,,,0.0
2025-07-21, ,Mumbai (BOM),Istanbul (IST),BOM,IST,A333 (TC-LND),2025-07-21 06:40:00,2025-07-21 07:32:00,2025-07-21 10:55:00,2025-07-21 11:00:00,52.0,5.0,6,Monday,,,,0.0
2025-07-22, ,Mumbai (BOM),Istanbul (IST),BOM,IST,A333 (TC-LNE),2025-07-22 06:40:00,2025-07-22 07:47:00,2025-07-22 10:55:00,2025-07-22 11:24:00,67.0,29.0,6,Tuesday,,,,0.0
2025-07-24, ,Mumbai (BOM),Istanbul (IST),BOM,IST,A333 (TC-LOF),2025-07-24 06:40:00,2025-07-24 07:48:00,2025-07-24 10:55:00,2025-07-24 11:29:00,68.0,34.0,6,Thursday,,,,0.0
2025-07-25, ,Mumbai (BOM),Muscat (MCT),BOM,MCT,B38M (A4O-MJ),2025-07-25 08:40:00,2025-07-25 09:25:00,2025-07-25 09:50:00,2025-07-25 10:00:00,45.0,10.0,8,Friday,,,,0.0
2025-07-19, ,Mumbai (BOM),Jaipur (JAI),BOM,JAI,B38M (VT-BXH),2025-07-19 06:45:00,2025-07-19 07:05:00,2025-07-19 08:40:00,2025-07-19 08:36:00,20.0,-4.0,6,Saturday,2025-07-20 06:53:00,8.0,1337.0,0.0
2025-07-20, ,Mumbai (BOM),Jaipur (JAI),BOM,JAI,B38M (VT-BXH),2025-07-20 06:45:00,2025-07-20 06:53:00,2025-07-20 08:40:00,2025-07-20 08:16:00,8.0,-24.0,6,Sunday,2025-07-21 07:42:00,57.0,1406.0,0.0
2025-07-21, ,Mumbai (BOM),Jaipur (JAI),BOM,JAI,B38M (VT-BXH),2025-07-21 06:45:00,2025-07-21 07:42:00,2025-07-21 08:40:00,2025-07-21 09:08:00,57.0,28.0,6,Monday,2025-07-22 06:57:00,12.0,1309.0,0.0
2025-07-22, ,Mumbai (BOM),Jaipur (JAI),BOM,JAI,B38M (VT-BXH),2025-07-22 06:45:00,2025-07-22 06:57:00,2025-07-22 08:40:00,2025-07-22 08:23:00,12.0,-17.0,6,Tuesday,2025-07-23 06:56:00,11.0,1353.0,0.0
2025-07-23, ,Mumbai (BOM),Jaipur (JAI),BOM,JAI,B38M (VT-BXH),2025-07-23 06:45:00,2025-07-23 06:56:00,2025-07-23 08:40:00,2025-07-23 08:25:00,11.0,-15.0,6,Wednesday,2025-07-24 07:09:00,24.0,1364.0,0.0
2025-07-24, ,Mumbai (BOM),Jaipur (JAI),BOM,JAI,B38M (VT-BXH),2025-07-24 06:45:00,2025-07-24 07:09:00,2025-07-24 08:40:00,2025-07-24 08:39:00,24.0,-1.0,6,Thursday,2025-07-25 06:46:00,1.0,1327.0,0.0
2025-07-25, ,Mumbai (BOM),Jaipur (JAI),BOM,JAI,B38M (VT-BXH),2025-07-25 06:45:00,2025-07-25 06:46:00,2025-07-25 08:40:00,2025-07-25 08:14:00,1.0,-26.0,6,Friday,,,,0.0
2025-07-19, ,Mumbai (BOM),Srinagar (SXR),BOM,SXR,B38M (VT-YAA),2025-07-19 06:05:00,2025-07-19 06:16:00,2025-07-19 08:45:00,2025-07-19 08:27:00,11.0,-18.0,6,Saturday,2025-07-23 07:08:00,3.0,5681.0,0.0
2025-07-23, ,Mumbai (BOM),Delhi (DEL),BOM,DEL,B38M (VT-YAA),2025-07-23 07:05:00,2025-07-23 07:08:00,2025-07-23 09:20:00,2025-07-23 08:56:00,3.0,-24.0,7,Wednesday,,,,0.0
2025-07-19, ,Mumbai (BOM),Ahmedabad (AMD),BOM,AMD,B38M (VT-YAC),2025-07-19 08:40:00,2025-07-19 09:01:00,2025-07-19 10:00:00,2025-07-19 09:57:00,21.0,-3.0,8,Saturday,,,,0.0
2025-07-21, ,Mumbai (BOM),Srinagar (SXR),BOM,SXR,B38M (VT-YAF),2025-07-21 06:05:00,2025-07-21 06:29:00,2025-07-21 08:45:00,2025-07-21 08:56:00,24.0,11.0,6,Monday,,,,0.0
2025-07-19, ,Mumbai (BOM),Lucknow (LKO),BOM,LKO,B38M (VT-YAG),2025-07-19 07:50:00,2025-07-19 08:16:00,2025-07-19 10:00:00,2025-07-19 10:02:00,26.0,2.0,7,Saturday,2025-07-23 06:30:00,25.0,5548.0,0.0
2025-07-23, ,Mumbai (BOM),Srinagar (SXR),BOM,SXR,B38M (VT-YAG),2025-07-23 06:05:00,2025-07-23 06:30:00,2025-07-23 08:45:00,2025-07-23 08:52:00,25.0,7.0,6,Wednesday,2025-07-25 09:15:00,35.0,2903.0,0.0
2025-07-25, ,Mumbai (BOM),Ahmedabad (AMD),BOM,AMD,B38M (VT-YAG),2025-07-25 08:40:00,2025-07-25 09:15:00,2025-07-25 10:00:00,2025-07-25 10:14:00,35.0,14.0,8,Friday,,,,0.0
2025-07-24, ,Mumbai (BOM),Srinagar (SXR),BOM,SXR,B38M (VT-YAH),2025-07-24 06:05:00,2025-07-24 06:23:00,2025-07-24 08:45:00,2025-07-24 08:46:00,18.0,1.0,6,Thursday,,,,0.0
2025-07-20, ,Mumbai (BOM),Srinagar (SXR),BOM,SXR,B38M (VT-YAI),2025-07-20 06:05:00,2025-07-20 06:15:00,2025-07-20 08:45:00,2025-07-20 08:33:00,10.0,-12.0,6,Sunday,2025-07-24 08:07:00,22.0,5734.0,0.0
2025-07-24, ,Mumbai (BOM),Lucknow (LKO),BOM,LKO,B38M (VT-YAI),2025-07-24 07:45:00,2025-07-24 08:07:00,2025-07-24 10:00:00,2025-07-24 09:54:00,22.0,-6.0,7,Thursday,,,,0.0
2025-07-20, ,Mumbai (BOM),Delhi (DEL),BOM,DEL,B38M (VT-YAM),2025-07-20 07:05:00,2025-07-20 07:09:00,2025-07-20 09:20:00,2025-07-20 08:53:00,4.0,-27.0,7,Sunday,2025-07-21 09:03:00,78.0,1450.0,0.0
2025-07-21, ,Mumbai (BOM),Lucknow (LKO),BOM,LKO,B38M (VT-YAM),2025-07-21 07:45:00,2025-07-21 09:03:00,2025-07-21 10:00:00,2025-07-21 10:45:00,78.0,45.0,7,Monday,2025-07-22 07:19:00,14.0,1234.0,0.0
2025-07-22, ,Mumbai (BOM),Delhi (DEL),BOM,DEL,B38M (VT-YAM),2025-07-22 07:05:00,2025-07-22 07:19:00,2025-07-22 09:20:00,2025-07-22 09:00:00,14.0,-20.0,7,Tuesday,,,,0.0
2025-07-25, ,Mumbai (BOM),Delhi (DEL),BOM,DEL,B38M (VT-YAO),2025-07-25 07:05:00,2025-07-25 07:15:00,2025-07-25 09:20:00,2025-07-25 08:59:00,10.0,-21.0,7,Friday,,,,0.0
2025-07-21, ,Mumbai (BOM),Delhi (DEL),BOM,DEL,B38M (VT-YAP),2025-07-21 07:05:00,2025-07-21 07:29:00,2025-07-21 09:20:00,2025-07-21 09:12:00,24.0,-8.0,7,Monday,2025-07-25 06:25:00,20.0,5593.0,0.0
2025-07-25, ,Mumbai (BOM),Srinagar (SXR),BOM,SXR,B38M (VT-YAP),2025-07-25 06:05:00,2025-07-25 06:25:00,2025-07-25 08:45:00,2025-07-25 08:37:00,20.0,-8.0,6,Friday,,,,0.0
2025-07-22, ,Mumbai (BOM),Lucknow (LKO),BOM,LKO,B38M (VT-YAQ),2025-07-22 07:45:00,2025-07-22 08:02:00,2025-07-22 10:00:00,2025-07-22 09:51:00,17.0,-9.0,7,Tuesday,,,,0.0
2025-07-22, ,Mumbai (BOM),Ahmedabad (AMD),BOM,AMD,B38M (VT-YAR),2025-07-22 08:40:00,2025-07-22 09:05:00,2025-07-22 10:00:00,2025-07-22 10:07:00,25.0,7.0,8,Tuesday,2025-07-24 09:02:00,22.0,2815.0,0.0
2025-07-24, ,Mumbai (BOM),Ahmedabad (AMD),BOM,AMD,B38M (VT-YAR),2025-07-24 08:40:00,2025-07-24 09:02:00,2025-07-24 10:00:00,2025-07-24 10:00:00,22.0,0.0,8,Thursday,,,,0.0
2025-07-20, ,Mumbai (BOM),Lucknow (LKO),BOM,LKO,B38M (VT-YAS),2025-07-20 07:50:00,2025-07-20 08:17:00,2025-07-20 10:00:00,2025-07-20 10:06:00,27.0,6.0,7,Sunday,,,,0.0
2025-07-19, ,Mumbai (BOM),Delhi (DEL),BOM,DEL,B38M (VT-YAT),2025-07-19 07:05:00,2025-07-19 07:23:00,2025-07-19 09:20:00,2025-07-19 09:04:00,18.0,-16.0,7,Saturday,,,,0.0
2025-07-20, ,Mumbai (BOM),Ahmedabad (AMD),BOM,AMD,B38M (VT-YAX),2025-07-20 08:40:00,2025-07-20 10:55:00,2025-07-20 10:00:00,2025-07-20 11:48:00,135.0,108.0,8,Sunday,,,,0.0
2025-07-24, ,Mumbai (BOM),Delhi (DEL),BOM,DEL,B38M (VT-YBA),2025-07-24 07:05:00,2025-07-24 08:35:00,2025-07-24 09:20:00,2025-07-24 10:20:00,90.0,60.0,7,Thursday,,,,0.0
2025-07-21, ,Mumbai (BOM),Ahmedabad (AMD),BOM,AMD,B38M (VT-YBC),2025-07-21 08:40:00,2025-07-21 10:38:00,2025-07-21 10:00:00,2025-07-21 11:35:00,118.0,95.0,8,Monday,2025-07-23 09:07:00,27.0,2732.0,0.0
2025-07-23, ,Mumbai (BOM),Ahmedabad (AMD),BOM,AMD,B38M (VT-YBC),2025-07-23 08:40:00,2025-07-23 09:07:00,2025-07-23 10:00:00,2025-07-23 10:05:00,27.0,5.0,8,Wednesday,,,,0.0
2025-07-22, ,Mumbai (BOM),Srinagar (SXR),BOM,SXR,B38M (VT-YBE),2025-07-22 06:05:00,2025-07-22 06:18:00,2025-07-22 08:45:00,2025-07-22 08:37:00,13.0,-8.0,6,Tuesday,,,,0.0
2025-07-25, ,Mumbai (BOM),Lucknow (LKO),BOM,LKO,B38M (VT-YBF),2025-07-25 07:45:00,2025-07-25 08:11:00,2025-07-25 10:00:00,2025-07-25 09:59:00,26.0,-1.0,7,Friday,,,,0.0
2025-07-19, ,Mumbai (BOM),Muscat (MCT),BOM,MCT,B738 (A4O-BAC),2025-07-19 10:05:00,2025-07-19 10:25:00,2025-07-19 11:15:00,2025-07-19 11:02:00,20.0,-13.0,10,Saturday,,,,0.0
2025-07-22, ,Mumbai (BOM),Delhi (DEL),BOM,DEL,B738 (VT-AAZ),2025-07-22 06:15:00,2025-07-22 06:11:00,2025-07-22 08:25:00,2025-07-22 07:49:00,-4.0,-36.0,6,Tuesday,2025-07-23 06:37:00,22.0,1368.0,0.0
2025-07-23, ,Mumbai (BOM),Delhi (DEL),BOM,DEL,B738 (VT-AAZ),2025-07-23 06:15:00,2025-07-23 06:37:00,2025-07-23 08:25:00,2025-07-23 08:26:00,22.0,1.0,6,Wednesday,2025-07-24 06:22:00,7.0,1316.0,0.0
2025-07-24, ,Mumbai (BOM),Delhi (DEL),BOM,DEL,B738 (VT-AAZ),2025-07-24 06:15:00,2025-07-24 06:22:00,2025-07-24 08:25:00,2025-07-24 08:08:00,7.0,-17.0,6,Thursday,2025-07-25 06:27:00,12.0,1339.0,0.0
2025-07-25, ,Mumbai (BOM),Delhi (DEL),BOM,DEL,B738 (VT-AAZ),2025-07-25 06:15:00,2025-07-25 06:27:00,2025-07-25 08:25:00,2025-07-25 08:09:00,12.0,-16.0,6,Friday,,,,0.0
2025-07-19, ,Mumbai (BOM),Delhi (DEL),BOM,DEL,B738 (VT-BAZ),2025-07-19 06:15:00,2025-07-19 06:18:00,2025-07-19 08:25:00,2025-07-19 07:57:00,3.0,-28.0,6,Saturday,2025-07-20 05:59:00,-16.0,1322.0,0.0
2025-07-20, ,Mumbai (BOM),Delhi (DEL),BOM,DEL,B738 (VT-BAZ),2025-07-20 06:15:00,2025-07-20 05:59:00,2025-07-20 08:25:00,2025-07-20 07:39:00,-16.0,-46.0,6,Sunday,2025-07-21 06:13:00,-2.0,1354.0,0.0
2025-07-21, ,Mumbai (BOM),Delhi (DEL),BOM,DEL,B738 (VT-BAZ),2025-07-21 06:15:00,2025-07-21 06:13:00,2025-07-21 08:25:00,2025-07-21 07:52:00,-2.0,-33.0,6,Monday,,,,0.0
2025-07-19, ,Mumbai (BOM),Darbhanga (DBR),BOM,DBR,B738 (VT-SLF),2025-07-19 06:50:00,2025-07-19 10:13:00,2025-07-19 09:15:00,2025-07-19 12:25:00,203.0,190.0,6,Saturday,2025-07-20 07:13:00,23.0,1128.0,0.0
2025-07-20, ,Mumbai (BOM),Darbhanga (DBR),BOM,DBR,B738 (VT-SLF),2025-07-20 06:50:00,2025-07-20 07:13:00,2025-07-20 09:15:00,2025-07-20 09:26:00,23.0,11.0,6,Sunday,2025-07-24 07:06:00,16.0,5620.0,0.0
2025-07-24, ,Mumbai (BOM),Darbhanga (DBR),BOM,DBR,B738 (VT-SLF),2025-07-24 06:50:00,2025-07-24 07:06:00,2025-07-24 09:15:00,2025-07-24 09:19:00,16.0,4.0,6,Thursday,,,,0.0
2025-07-21, ,Mumbai (BOM),Darbhanga (DBR),BOM,DBR,B738 (VT-SLG),2025-07-21 06:50:00,2025-07-21 07:00:00,2025-07-21 09:15:00,2025-07-21 09:15:00,10.0,0.0,6,Monday,2025-07-22 07:04:00,14.0,1309.0,0.0
2025-07-22, ,Mumbai (BOM),Darbhanga (DBR),BOM,DBR,B738 (VT-SLG),2025-07-22 06:50:00,2025-07-22 07:04:00,2025-07-22 09:15:00,2025-07-22 09:25:00,14.0,10.0,6,Tuesday,,,,0.0
2025-07-20, ,Mumbai (BOM),Muscat (MCT),BOM,MCT,B739 (A4O-BT),2025-07-20 10:05:00,2025-07-20 13:19:00,2025-07-20 11:15:00,2025-07-20 13:53:00,194.0,158.0,10,Sunday,2025-07-21 12:17:00,132.0,1344.0,0.0
2025-07-21, ,Mumbai (BOM),Muscat (MCT),BOM,MCT,B739 (A4O-BT),2025-07-21 10:05:00,2025-07-21 12:17:00,2025-07-21 11:15:00,2025-07-21 12:51:00,132.0,96.0,10,Monday,2025-07-24 10:21:00,16.0,4170.0,0.0
2025-07-24, ,Mumbai (BOM),Muscat (MCT),BOM,MCT,B739 (A4O-BT),2025-07-24 10:05:00,2025-07-24 10:21:00,2025-07-24 11:15:00,2025-07-24 10:55:00,16.0,-20.0,10,Thursday,,,,0.0
2025-07-23, ,Mumbai (BOM),Muscat (MCT),BOM,MCT,B739 (A4O-BY),2025-07-23 10:05:00,2025-07-23 12:40:00,2025-07-23 11:15:00,2025-07-23 13:16:00,155.0,121.0,10,Wednesday,,,,0.0
2025-07-25, ,Mumbai (BOM),Darbhanga (DBR),BOM,DBR,B739 (VT-SLC),2025-07-25 06:50:00,2025-07-25 09:56:00,2025-07-25 09:15:00,2025-07-25 12:32:00,186.0,197.0,6,Friday,,,,0.0
2025-07-20, ,Mumbai (BOM),Delhi (DEL),BOM,DEL,B788 (VT-ANH),2025-07-20 06:40:00,2025-07-20 07:48:00,2025-07-20 08:45:00,2025-07-20 09:26:00,68.0,41.0,6,Sunday,,,,0.0
